15122 , True , 3098
36353 , False , 3275
25130 , True , 3181
25719 , False , 3186
11964 , True , 3072
18730 , False , 3128
11271 , False , 3066
21174 , True , 3149
30383 , False , 3225
28449 , True , 3209
34085 , True , 3256
22789 , False , 3162
38749 , True , 3295
44122 , True , 3340
20776 , False , 3145
14209 , False , 3090
19693 , False , 3136
64181 , False , 3507
36170 , True , 3273
3184 , True , 2999
442250 , False , 6657
24875 , False , 3179
24310 , True , 3175
6591 , True , 3027
35971 , True , 3272
7514 , False , 3035
12410 , True , 3075
51915 , False , 3405
34626 , True , 3261
18913 , True , 3130
12235 , False , 3074
18857 , True , 3129
24119 , True , 3173
15785 , True , 3104
18650 , True , 3127
14455 , True , 3093
52854 , True , 3413
21818 , False , 3154
12561 , False , 3077
11263 , True , 3066
20680 , True , 3144
6862 , True , 3029
53221 , True , 3416
25950 , False , 3188
27191 , True , 3199
17512 , True , 3118
55354 , False , 3433
18794 , True , 3129
41543 , True , 3318
15482 , True , 3101
39800 , False , 3304
50657 , False , 3394
18682 , True , 3128
14909 , True , 3096
20680 , True , 3144
17528 , False , 3118
16175 , False , 3107
17042 , False , 3114
17512 , True , 3118
15793 , True , 3104
29038 , True , 3214
70072 , False , 3556
8923 , False , 3046
81686 , True , 3653
12410 , False , 3075
49742 , False , 3387
22360 , False , 3158
32517 , True , 3243
29142 , True , 3215
35860 , True , 3271
23386 , False , 3167
30359 , False , 3225
18905 , True , 3130
20043 , True , 3139
21373 , True , 3150
12211 , False , 3074
11638 , True , 3069
23880 , True , 3171
17592 , False , 3119
14997 , True , 3097
17122 , False , 3115
32198 , True , 3240
7410022 , False , 64722
20274 , False , 3141
18411 , True , 3125
23617 , True , 3169
9990 , True , 3055
156812 , False , 4279
7960 , True , 3038
13556 , False , 3085
20521 , True , 3143
14607 , True , 3094
9592 , True , 3052
59875 , False , 3471
35820 , False , 3271
35032 , True , 3264
15363 , True , 3100
11892 , True , 3071
30081 , True , 3223
11645 , True , 3069
14686 , False , 3094
0 , True , 2972
31625 , True , 3236
10792 , True , 3062
26061 , False , 3189
22399 , True , 3159
15769 , False , 3103
80675 , False , 3644
18045 , True , 3122
21763 , True , 3153
21986 , False , 3155
17194 , False , 3115
19550 , False , 3135
10977 , False , 3064
18706 , False , 3128
15920 , True , 3105
87609 , False , 3702
20202 , True , 3140
19104 , False , 3131
10197 , False , 3057
16222 , False , 3107
41392 , True , 3317
12712 , False , 3078
19303 , True , 3133
13675 , True , 3086
1794520 , False , 17926
17090 , False , 3114
25854 , False , 3188
27542 , True , 3202
615119 , False , 8098
8517 , False , 3043
26523 , True , 3193
15641 , True , 3102
17743 , True , 3120
26244 , True , 3191
14076 , False , 3089
19215 , True , 3132
5683 , True , 3019
20195 , False , 3140
14097 , True , 3090
39450 , False , 3301
24358 , False , 3175
166924 , True , 4363
22821 , True , 3162
11351 , True , 3067
30129 , True , 3223
19733 , True , 3137
34109 , True , 3256
12075 , True , 3073
24190 , False , 3174
22280 , True , 3158
52035 , False , 3406
151741 , False , 4237
26459 , False , 3193
44974 , False , 3347
26937 , True , 3197
94406 , True , 3759
14734 , True , 3095
28369 , True , 3208
13922 , True , 3088
16907 , True , 3113
13930 , True , 3088
31760 , True , 3237
24596 , True , 3177
39012 , True , 3297
40190 , False , 3307
22614 , True , 3161
15928 , False , 3105
10340 , False , 3058
18786 , False , 3129
11701 , False , 3070
19566 , True , 3135
26077 , True , 3189
27924 , True , 3205
18284 , True , 3124
19096 , True , 3131
18969 , False , 3130
39498 , False , 3301
2468 , True , 2993
24580 , False , 3177
21341 , True , 3150
94406 , True , 3759
33535 , True , 3252
33456 , True , 3251
10499 , True , 3060
28417 , False , 3209
18913 , True , 3130
20131 , False , 3140
12465 , True , 3076
22813 , True , 3162
3133 , True , 2998
53467 , True , 3418
20752 , True , 3145
12139 , False , 3073
8541 , False , 3043
26372 , True , 3192
18953 , False , 3130
16819 , False , 3112
23665 , True , 3169
22702 , False , 3161
21731 , True , 3153
40142 , True , 3307
9950 , True , 3055
23124 , True , 3165
19024 , False , 3131
18690 , True , 3128
20537 , True , 3143
40628 , True , 3311
14519 , False , 3093
46375 , True , 3359
23601 , False , 3169
30033 , True , 3222
10993 , True , 3064
12426 , False , 3076
21182 , True , 3149
14161 , True , 3090
19709 , True , 3136
29356 , True , 3217
38176 , True , 3290
21452 , True , 3151
14949 , True , 3097
12131 , True , 3073
13556 , False , 3085
31251 , True , 3232
27932 , True , 3205
7586 , True , 3035
14646 , False , 3094
16366 , False , 3108
29452 , False , 3218
17727 , False , 3120
12784 , True , 3079
430954 , False , 6563
18411 , True , 3125
40715 , True , 3311
12521 , False , 3076
16493 , True , 3110
14503 , True , 3093
37818 , True , 3287
36337 , True , 3275
19526 , True , 3135
24907 , False , 3180
11924 , False , 3071
10722 , True , 3061
23864 , False , 3171
30853 , True , 3229
5890 , True , 3021
11287 , True , 3066
24724 , True , 3178
34769 , True , 3262
12179 , True , 3074
28449 , True , 3209
25480 , True , 3184
11144 , True , 3065
8828 , True , 3046
26379 , False , 3192
29627 , False , 3219
27763 , True , 3203
45229 , False , 3349
15076 , True , 3098
18006 , True , 3122
14925 , True , 3096
16843 , False , 3112
33217 , True , 3249
24326 , False , 3175
23991 , True , 3172
17472 , True , 3118
19797 , False , 3137
50689 , False , 3394
26005 , True , 3189
47657 , False , 3369
14487 , True , 3093
30160 , True , 3223
21412 , True , 3151
13914 , True , 3088
38288 , True , 3291
11940 , True , 3072
13938 , True , 3088
17743 , True , 3120
8756 , True , 3045
14487 , True , 3093
19478 , True , 3134
10690 , True , 3061
13731 , True , 3086
13556 , True , 3085
34753 , False , 3262
8414 , True , 3042
31044 , False , 3231
9974 , False , 3055
15148 , True , 3098
36975 , True , 3280
17194 , True , 3115
28775 , True , 3212
8008 , True , 3039
21373 , True , 3150
14710 , True , 3095
8016 , True , 3039
23593 , False , 3169
25448 , True , 3184
11940 , True , 3072
17870 , True , 3121
17982 , True , 3122
13421 , True , 3084
14455 , True , 3093
14384 , False , 3092
30797 , True , 3229
16660 , True , 3111
18411 , False , 3125
87281 , True , 3699
37117 , True , 3281
31999 , True , 3239
18499 , True , 3126
22192 , False , 3157
22646 , False , 3161
21739 , True , 3153
43414 , False , 3334
24541 , True , 3177
6599 , True , 3027
8629 , True , 3044
40811 , False , 3312
15363 , True , 3100
31999 , False , 3239
16501 , False , 3110
12664 , True , 3078
13421 , True , 3084
32477 , True , 3243
37810 , True , 3287
13158 , False , 3082
11900 , False , 3071
17878 , True , 3121
24230 , False , 3174
7713 , True , 3036
18690 , True , 3128
27231 , False , 3199
14312 , False , 3091
20067 , False , 3139
14893 , True , 3096
13452 , False , 3084
29731 , True , 3220
13612 , True , 3086
252794 , False , 5079
11908 , True , 3071
18324 , True , 3125
11677 , False , 3069
17966 , True , 3122
40707 , True , 3311
29293 , False , 3216
17011 , True , 3114
28043 , True , 3206
19072 , True , 3131
238004 , False , 4955
18563 , True , 3127
21492 , False , 3151
15498 , True , 3101
17154 , True , 3115
16286 , True , 3108
11017 , False , 3064
19192 , False , 3132
42013 , True , 3322
48357 , False , 3375
14917 , True , 3096
24222 , False , 3174
15124 , True , 3098
8525 , False , 3043
20099 , True , 3140
9775 , False , 3054
27239 , True , 3199
38622 , False , 3294
16867 , True , 3113
18993 , True , 3130
2945 , True , 2997
24071 , True , 3173
14201 , True , 3090
33798 , False , 3254
23426 , True , 3167
21237 , False , 3149
19574 , False , 3135
34769 , True , 3262
19733 , False , 3137
37786 , False , 3287
17114 , True , 3115
25106 , True , 3181
11638 , True , 3069
17194 , True , 3115
30320 , True , 3225
9822 , True , 3054
16525 , True , 3110
13588 , True , 3085
18300 , False , 3125
21436 , False , 3151
17464 , False , 3118
12489 , True , 3076
17472 , True , 3118
10006 , True , 3055
37603 , False , 3285
583103 , False , 7831
12633 , True , 3077
16119 , False , 3106
15124 , True , 3098
43780 , False , 3337
579 , False , 2977
186161 , False , 4523
16238 , True , 3107
10714 , False , 3061
25942 , False , 3188
31808 , True , 3237
39681 , False , 3303
352385 , False , 5909
21293 , True , 3150
21126 , False , 3148
30423 , False , 3226
37786 , False , 3287
39776 , True , 3304
8366 , True , 3042
15530 , True , 3101
9051 , False , 3047
14105 , True , 3090
10332 , True , 3058
54048 , False , 3422
9990 , True , 3055
11709 , False , 3070
19534 , False , 3135
14567 , True , 3093
25870 , False , 3188
9592 , False , 3052
22845 , False , 3162
26857 , True , 3196
12792 , True , 3079
13293 , True , 3083
18770 , False , 3128
22304 , True , 3158
15920 , True , 3105
17098 , True , 3115
12855 , False , 3079
31140 , True , 3232
19048 , True , 3131
25472 , True , 3184
17600 , False , 3119
18754 , True , 3128
30033 , True , 3222
11996 , True , 3072
20696 , True , 3145
16318 , False , 3108
4514633 , False , 40594
37635 , True , 3286
15068 , False , 3098
8772 , True , 3045
12680 , True , 3078
18006 , False , 3122
38678 , True , 3294
41846 , False , 3321
41822 , False , 3321
18825 , True , 3129
19980 , True , 3139
10706 , True , 3061
12091 , True , 3073
28736 , False , 3212
28497 , True , 3210
27709 , False , 3203
21333 , True , 3150
22264 , True , 3158
25392 , True , 3184
53157 , True , 3415
15713 , True , 3103
36552 , True , 3277
20298 , True , 3141
21802 , False , 3154
31744 , False , 3237
13564 , True , 3085
28823 , True , 3212
66068 , False , 3523
13253 , False , 3083
17687 , True , 3119
62637 , True , 3494
21572 , True , 3152
12322 , False , 3075
17639 , False , 3119
67604 , False , 3535
22718 , False , 3161
13214 , True , 3082
10842 , False , 3062
42896 , False , 3330
27669 , True , 3203
14145 , True , 3090
14639 , True , 3094
20640 , True , 3144
16812 , True , 3112
11638 , True , 3069
5742 , False , 3020
22861 , True , 3163
11908 , True , 3071
18189 , False , 3124
32039 , True , 3239
302702 , False , 5495
17472 , True , 3118
11773 , True , 3070
11216 , True , 3066
14662 , True , 3094
19279 , True , 3133
7976 , True , 3039
50283 , True , 3391
36688 , True , 3278
716822 , False , 8946
15641 , False , 3102
17894 , True , 3121
234884 , False , 4929
15618 , True , 3102
20983 , True , 3147
12792 , True , 3079
39155 , False , 3298
18435 , True , 3126
41312 , False , 3316
11072 , True , 3064
123453 , False , 4001
22909 , True , 3163
14416 , True , 3092
33352 , False , 3250
517460 , False , 7284
7395 , True , 3034
12402 , True , 3075
20823 , True , 3146
18411 , False , 3125
19104 , False , 3131
25520 , True , 3185
27120 , True , 3198
73184 , True , 3582
12386 , False , 3075
14217 , False , 3091
34300 , True , 3258
15594 , False , 3102
8016 , False , 3039
12179 , True , 3074
12513 , True , 3076
18435 , True , 3126
869246 , False , 10216
19414 , True , 3134
12712 , False , 3078
42952 , True , 3330
17520 , False , 3118
16350 , False , 3108
8748 , False , 3045
33798 , True , 3254
13898 , True , 3088
46701 , True , 3361
18021 , False , 3122
27446 , True , 3201
21309 , True , 3150
33130 , True , 3248
31999 , True , 3239
18316 , True , 3125
13038 , True , 3081
16907 , False , 3113
26045 , False , 3189
54048 , True , 3422
20736 , True , 3145
6917 , True , 3030
19454 , True , 3134
13882 , True , 3088
36600 , False , 3277
52377 , False , 3409
41113 , False , 3315
14575 , True , 3094
35955 , True , 3272
31052 , True , 3231
16406 , False , 3109
14782 , True , 3095
15570 , True , 3102
27247 , False , 3199
18650 , False , 3127
44727 , False , 3345
33026 , False , 3247
18595 , True , 3127
16676 , False , 3111
12410 , True , 3075
66235 , False , 3524
11821 , True , 3071
524059 , False , 7339
9775 , True , 3054
32326 , True , 3241
25528 , False , 3185
40365 , False , 3308
20131 , True , 3140
22702 , True , 3161
25591 , True , 3185
15602 , False , 3102
33591 , True , 3252
18308 , False , 3125
19932 , False , 3138
22097 , False , 3156
23044 , True , 3164
16628 , True , 3111
31482 , False , 3234
20784 , False , 3145
11120 , True , 3065
23275 , False , 3166
15299 , True , 3100
14177 , True , 3090
68496 , True , 3543
19120 , True , 3131
22917 , False , 3163
131611 , False , 4069
33002 , True , 3247
16000 , False , 3105
8159 , True , 3040
32238 , True , 3241
21906 , False , 3155
8398 , False , 3042
22009 , True , 3155
831517 , False , 9901
33026 , True , 3247
20815 , True , 3146
15602 , True , 3102
26390 , True , 3192
24994 , False , 3180
13834 , True , 3087
25233 , False , 3182
21253 , True , 3149
17369 , True , 3117
26316 , False , 3191
18165 , False , 3123
23171 , True , 3165
51143 , False , 3398
32278 , False , 3241
17146 , True , 3115
41543 , False , 3318
629 , False , 2977
18364 , True , 3125
49400 , False , 3384
22216 , True , 3157
14177 , True , 3090
12489 , True , 3076
16207 , True , 3107
13108 , False , 3081
18937 , True , 3130
10857 , True , 3063
37442 , True , 3284
32664 , True , 3244
24859 , False , 3179
11884 , True , 3071
10547 , True , 3060
27518 , False , 3201
19454 , False , 3134
18905 , True , 3130
20704 , True , 3145
21731 , True , 3153
32827 , True , 3246
32445 , False , 3242
5469 , True , 3018
11303 , False , 3066
35120 , False , 3265
18658 , False , 3128
17783 , False , 3120
18038 , True , 3122
16406 , True , 3109
39585 , True , 3302
11263 , False , 3066
27096 , False , 3198
22272 , False , 3158
17034 , False , 3114
15801 , True , 3104
27956 , False , 3205
23769 , False , 3170
20394 , True , 3142
37818 , True , 3287
18746 , True , 3128
24119 , True , 3173
7453 , True , 3034
22925 , False , 3163
15586 , True , 3102
13612 , True , 3086
35088 , True , 3264
55593 , False , 3435
28155 , False , 3207
19128 , True , 3131
24636 , True , 3177
19844 , True , 3137
37054 , True , 3281
15785 , True , 3104
16023 , False , 3106
6090 , True , 3023
9464 , True , 3051
19184 , True , 3132
14861 , False , 3096
31665 , False , 3236
12250 , True , 3074
11693 , False , 3070
16429 , False , 3109
18085 , True , 3123
819743 , False , 9803
16636 , True , 3111
27852 , True , 3204
20728 , True , 3145
22336 , True , 3158
18897 , True , 3130
12505 , False , 3076
42339 , True , 3325
23084 , False , 3164
74820 , True , 3596
6893 , True , 3030
22543 , True , 3160
37476 , True , 3284
22320 , True , 3158
12557 , False , 3077
30407 , True , 3225
26172 , False , 3190
17217 , True , 3116
13110 , True , 3081
22559 , True , 3160
19645 , False , 3136
18276 , True , 3124
20839 , False , 3146
1277856 , False , 13621
66352 , False , 3525
18069 , True , 3123
19693 , True , 3136
21030 , False , 3147
24653 , False , 3178
14328 , True , 3091
36051 , False , 3272
20362 , True , 3142
14535 , False , 3093
8772 , True , 3045
34777 , False , 3262
31465 , False , 3234
12370 , True , 3075
94326 , True , 3758
17998 , True , 3122
18587 , True , 3127
4704 , True , 3011
12235 , True , 3074
26746 , True , 3195
122743 , False , 3995
16605 , False , 3110
14782 , True , 3095
30168 , True , 3223
24389 , False , 3175
27239 , True , 3199
13930 , False , 3088
6432 , False , 3026
12195 , True , 3074
16071 , False , 3106
18141 , False , 3123
33543 , False , 3252
11614 , True , 3069
12744 , True , 3078
26690 , True , 3194
20696 , True , 3145
59334 , False , 3467
10006 , True , 3055
12911 , True , 3080
15920 , True , 3105
24668 , True , 3178
50220 , False , 3391
14408 , True , 3092
33806 , False , 3254
10571 , False , 3060
12410 , True , 3075
29691 , True , 3219
36942 , False , 3280
24676 , True , 3178
17520 , False , 3118
10276 , True , 3058
32636 , True , 3244
13070 , True , 3081
32795 , False , 3245
19717 , True , 3136
27621 , True , 3202
14153 , True , 3090
20067 , True , 3139
43557 , True , 3335
17273 , False , 3116
19080 , True , 3131
46009 , True , 3355
26984 , True , 3197
14861 , True , 3096
2206233 , False , 21357
12322 , True , 3075
12505 , True , 3076
40278 , True , 3308
20457 , False , 3143
7880 , True , 3038
17830 , True , 3121
11080 , False , 3064
25257 , False , 3183
39100 , True , 3298
16119 , True , 3106
17090 , True , 3114
20863 , True , 3146
13444 , True , 3084
11956 , True , 3072
10547 , False , 3060
14734 , True , 3095
27327 , False , 3200
42037 , False , 3322
22352 , True , 3158
10794 , False , 3062
31904 , True , 3238
20855 , True , 3146
28441 , False , 3209
14248 , False , 3091
23036 , False , 3164
32381 , True , 3242
38375 , False , 3292
12235 , True , 3074
16796 , True , 3112
18762 , True , 3128
46478 , True , 3359
18117 , False , 3123
10961 , True , 3063
13023 , False , 3081
3001 , True , 2997
19319 , True , 3133
15506 , True , 3101
43637 , True , 3336
19470 , True , 3134
17862 , True , 3121
28688 , True , 3211
17265 , True , 3116
18053 , True , 3123
21460 , True , 3151
33504 , True , 3251
12242 , True , 3074
6288 , True , 3024
18674 , True , 3128
12242 , False , 3074
60862 , False , 3479
15602 , True , 3102
21524 , True , 3151
16031 , True , 3106
17552 , True , 3118
17783 , True , 3120
16549 , True , 3110
19088 , True , 3131
20553 , False , 3143
30845 , False , 3229
22248 , True , 3157
23219 , True , 3166
26889 , False , 3196
8629 , True , 3044
48707 , True , 3378
41018 , False , 3314
18937 , False , 3130
32063 , False , 3239
40827 , True , 3312
33965 , False , 3255
16222 , True , 3107
22805 , True , 3162
31904 , True , 3238
14471 , True , 3093
20362 , True , 3142
16342 , True , 3108
13429 , False , 3084
16437 , True , 3109
17162 , True , 3115
23410 , False , 3167
28600 , True , 3210
7880 , True , 3038
30471 , True , 3226
24963 , True , 3180
29269 , True , 3216
17623 , True , 3119
17982 , True , 3122
131611 , True , 4069
19972 , True , 3139
17854 , False , 3121
11144 , True , 3065
1277856 , False , 13621
26324 , False , 3191
39394 , True , 3300
51910 , False , 3405
13962 , True , 3088
21030 , True , 3147
33981 , True , 3255
19900 , True , 3138
9122 , False , 3048
18985 , True , 3130
15506 , False , 3101
17759 , True , 3120
10547 , True , 3060
15920 , True , 3105
14217 , True , 3091
13357 , True , 3083
10006 , False , 3055
36639 , True , 3277
14018 , False , 3089
19964 , False , 3138
15657 , False , 3103
18316 , True , 3125
34180 , True , 3257
35724 , True , 3270
10531 , True , 3060
31068 , False , 3231
25384 , False , 3184
10714 , True , 3061
33034 , False , 3247
238004 , False , 4955
23554 , True , 3168
23187 , True , 3165
13110 , True , 3081
29898 , True , 3221
16135 , False , 3107
17233 , True , 3116
40405 , True , 3309
10873 , True , 3063
14933 , False , 3097
8159 , True , 3040
30272 , False , 3224
26674 , True , 3194
9003 , True , 3047
5962 , True , 3022
18722 , True , 3128
15562 , True , 3102
31163 , True , 3232
8485 , False , 3043
23482 , True , 3168
16047 , False , 3106
19598 , False , 3135
19510 , False , 3135
11303 , False , 3066
3112 , True , 2998
11407 , True , 3067
20401 , True , 3142
14368 , True , 3092
609 , True , 2977
7626 , True , 3036
30391 , True , 3225
18459 , True , 3126
125688 , False , 4019
31434 , False , 3234
16812 , False , 3112
19621 , True , 3136
15498 , True , 3101
15785 , True , 3104
60178 , False , 3474
14758 , False , 3095
37030 , True , 3281
33918 , False , 3255
29006 , True , 3214
13373 , True , 3084
40278 , False , 3308
20998 , True , 3147
16700 , False , 3111
17154 , False , 3115
1839 , True , 2987
8178 , True , 3040
140302 , True , 4141
23991 , True , 3172
27199 , True , 3199
31187 , True , 3232
17934 , True , 3122
21237 , True , 3149
12402 , True , 3075
81017 , False , 3647
21102 , True , 3148
23012 , True , 3164
8629 , True , 3044
23896 , False , 3171
22272 , True , 3158
25074 , False , 3181
12426 , True , 3076
8167 , False , 3040
61236 , True , 3482
18674 , False , 3128
26475 , True , 3193
28640 , True , 3211
31004 , True , 3230
30614 , True , 3227
28449 , True , 3209
19781 , True , 3137
41973 , False , 3322
15840 , True , 3104
36321 , True , 3275
17703 , False , 3120
50379 , False , 3392
30248 , False , 3224
33145 , False , 3248
17353 , True , 3117
4710 , True , 3011
14344 , True , 3092
18085 , True , 3123
21428 , True , 3151
8175 , True , 3040
39800 , False , 3304
27780 , False , 3204
9950 , True , 3055
12155 , True , 3073
35056 , False , 3264
31410 , True , 3234
3295 , False , 3000
27908 , False , 3205
17345 , False , 3117
29372 , True , 3217
13890 , True , 3088
25647 , True , 3186
34602 , True , 3260
12855 , True , 3079
15729 , False , 3103
42913 , False , 3330
15801 , True , 3104
47672 , False , 3369
15832 , True , 3104
20760 , True , 3145
16907 , False , 3113
15554 , True , 3102
23546 , True , 3168
64003 , False , 3505
24986 , False , 3180
12227 , False , 3074
35884 , True , 3271
32946 , False , 3247
10125 , True , 3056
20075 , True , 3139
18889 , False , 3129
20792 , False , 3145
18212 , False , 3124
23554 , True , 3168
19319 , True , 3133
32664 , False , 3244
53873 , True , 3421
42888 , False , 3329
23084 , True , 3164
23784 , True , 3170
21595 , False , 3152
13214 , True , 3082
21365 , True , 3150
21834 , False , 3154
19924 , False , 3138
26403 , False , 3192
8780 , True , 3045
20983 , True , 3147
25790 , True , 3187
5214 , False , 3016
415910 , False , 6438
34380 , False , 3259
106959 , False , 3863
16987 , True , 3114
35207 , False , 3265
25870 , False , 3188
46932 , True , 3363
17560 , True , 3118
36353 , True , 3275
15602 , True , 3102
14957 , True , 3097
14193 , True , 3090
19773 , True , 3137
12075 , False , 3073
21731 , True , 3153
11972 , True , 3072
35358 , True , 3267
24827 , True , 3179
7793 , True , 3037
17026 , True , 3114
15618 , False , 3102
13620 , True , 3086
16947 , True , 3113
15514 , True , 3101
34729 , False , 3261
18324 , True , 3125
17225 , True , 3116
19391 , False , 3134
21094 , False , 3148
37102 , True , 3281
18006 , False , 3122
4235 , True , 3007
24628 , True , 3177
11431 , True , 3067
15387 , True , 3100
14782 , True , 3095
30256 , True , 3224
18865 , False , 3129
11598 , True , 3069
49368 , False , 3383
23530 , True , 3168
15005 , True , 3097
17870 , True , 3121
22129 , False , 3156
3001 , True , 2997
26857 , False , 3196
55720 , False , 3436
12808 , True , 3079
26260 , False , 3191
21548 , False , 3152
15745 , True , 3103
18945 , False , 3130
35135 , False , 3265
20115 , False , 3140
13214 , True , 3082
37078 , False , 3281
15116 , False , 3098
258390 , False , 5125
3136 , False , 2998
11693 , False , 3070
16859 , False , 3113
22575 , True , 3160
27287 , True , 3199
8493 , False , 3043
17910 , False , 3121
12585 , True , 3077
14097 , True , 3090
20322 , True , 3141
17990 , True , 3122
11852 , False , 3071
20330 , False , 3141
10006 , True , 3055
28720 , True , 3211
48546 , False , 3377
22312 , False , 3158
5031 , True , 3014
56317 , True , 3441
15928 , False , 3105
11781 , True , 3070
16087 , False , 3106
14877 , True , 3096
36226 , False , 3274
10292 , True , 3058
91540 , False , 3735
31251 , True , 3232
23530 , True , 3168
17560 , True , 3118
252794 , False , 5079
36775 , False , 3279
21866 , False , 3154
23888 , True , 3171
11693 , True , 3070
21595 , True , 3152
31068 , False , 3231
17647 , True , 3119
101092 , False , 3815
10666 , False , 3061
9449 , False , 3051
18006 , True , 3122
33631 , True , 3252
65033 , False , 3514
10006 , True , 3055
18722 , True , 3128
22049 , False , 3156
18093 , True , 3123
25018 , False , 3181
17233 , True , 3116
17297 , True , 3116
30638 , True , 3227
15848 , False , 3104
655806 , False , 8437
20489 , False , 3143
48102 , True , 3373
12028 , True , 3072
12991 , True , 3080
33981 , True , 3255
14018 , True , 3089
28951 , True , 3213
29030 , False , 3214
18515 , True , 3126
19088 , True , 3131
6438 , False , 3026
10746 , True , 3062
18873 , True , 3129
28099 , False , 3206
10022 , True , 3056
21046 , False , 3147
24875 , False , 3179
10348 , True , 3058
15920 , False , 3105
14328 , True , 3091
20386 , False , 3142
22216 , False , 3157
31044 , True , 3231
13827 , True , 3087
22662 , True , 3161
28433 , False , 3209
15904 , False , 3105
40118 , True , 3306
71775 , False , 3570
34236 , True , 3257
23339 , False , 3167
20919 , False , 3146
27932 , True , 3205
13779 , True , 3087
15180 , True , 3099
13070 , False , 3081
22185 , True , 3157
40294 , True , 3308
19693 , True , 3136
28529 , False , 3210
20242 , False , 3141
19414 , True , 3134
14248 , False , 3091
31234 , True , 3232
14861 , False , 3096
11263 , True , 3066
17130 , True , 3115
31840 , True , 3237
15411 , True , 3100
15538 , True , 3102
25647 , True , 3186
59682 , True , 3469
10428 , False , 3059
23084 , True , 3164
20704 , True , 3145
14018 , True , 3089
18666 , False , 3128
18467 , False , 3126
27486 , False , 3201
16796 , True , 3112
17146 , True , 3115
32206 , True , 3240
14909 , True , 3096
6471 , False , 3026
65996 , False , 3522
12983 , False , 3080
195663 , False , 4603
73184 , False , 3582
36775 , False , 3279
21237 , True , 3149
45547 , True , 3352
272571 , False , 5243
33031 , True , 3247
26268 , False , 3191
18722 , False , 3128
8955 , False , 3047
8159 , True , 3040
12776 , True , 3079
21850 , True , 3154
11224 , False , 3066
37356 , False , 3283
32779 , True , 3245
19693 , True , 3136
14535 , True , 3093
11423 , True , 3067
12911 , True , 3080
10857 , True , 3063
31012 , True , 3231
13532 , False , 3085
30662 , True , 3228
17424 , False , 3117
41567 , False , 3318
49416 , False , 3384
26149 , True , 3190
11080 , True , 3064
14638 , True , 3094
36178 , False , 3274
14710 , True , 3095
18212 , False , 3124
14129 , True , 3090
15610 , True , 3102
12895 , False , 3080
48604 , True , 3377
9926 , True , 3055
45849 , False , 3354
14503 , False , 3093
18754 , False , 3128
28656 , True , 3211
18927 , True , 3130
20911 , True , 3146
63680 , False , 3503
29930 , True , 3221
22049 , True , 3156
17003 , False , 3114
15713 , True , 3103
27510 , True , 3201
11072 , True , 3064
32063 , False , 3239
44767 , True , 3345
13421 , True , 3084
37858 , True , 3288
29707 , True , 3220
25448 , False , 3184
17401 , False , 3117
20218 , False , 3141
20274 , False , 3141
65901 , False , 3521
14551 , False , 3093
16055 , True , 3106
15538 , True , 3102
26292 , False , 3191
17345 , False , 3117
18077 , True , 3123
22957 , True , 3163
15809 , True , 3104
29858 , True , 3221
11630 , False , 3069
29643 , True , 3219
25958 , False , 3188
11192 , True , 3065
18435 , True , 3126
22535 , True , 3160
163154 , False , 4332
11232 , True , 3066
16613 , False , 3111
19502 , False , 3135
24636 , True , 3177
20266 , False , 3141
18881 , False , 3129
11144 , False , 3065
28513 , False , 3210
13062 , True , 3081
50323 , True , 3391
28107 , True , 3206
7403 , False , 3034
13914 , False , 3088
16429 , True , 3109
19367 , False , 3133
9934 , False , 3055
15331 , False , 3100
20027 , False , 3139
22439 , False , 3159
12091 , False , 3073
16605 , True , 3110
30511 , True , 3226
19709 , False , 3136
50896 , False , 3396
29022 , True , 3214
18794 , True , 3129
14694 , True , 3095
9990 , True , 3055
300585 , False , 5477
17727 , False , 3120
48516 , False , 3376
16111 , True , 3106
20688 , False , 3144
14105 , True , 3090
20139 , False , 3140
16987 , True , 3114
22965 , True , 3163
11837 , True , 3071
34530 , True , 3260
9815 , True , 3054
17902 , True , 3121
19956 , True , 3138
14408 , True , 3092
20807 , False , 3145
41018 , True , 3314
16047 , False , 3106
16294 , True , 3108
14161 , True , 3090
16827 , True , 3112
5532 , True , 3018
12067 , True , 3073
20051 , True , 3139
13349 , True , 3083
10889 , True , 3063
16549 , True , 3110
11876 , False , 3071
18411 , False , 3125
9178 , False , 3049
14193 , False , 3090
13452 , False , 3084
23490 , True , 3168
18690 , False , 3128
12609 , False , 3077
28107 , True , 3206
24047 , True , 3172
31721 , True , 3236
10706 , False , 3061
12800 , True , 3079
31076 , False , 3231
9194 , False , 3049
16008 , False , 3105
2420 , True , 2992
38343 , True , 3292
24580 , False , 3177
14909 , True , 3096
39561 , False , 3302
43223 , False , 3332
22654 , True , 3161
29372 , False , 3217
19948 , True , 3138
17011 , True , 3114
12688 , True , 3078
22033 , False , 3156
30280 , False , 3224
27382 , True , 3200
35430 , True , 3267
13341 , True , 3083
10690 , True , 3061
30550 , False , 3227
15729 , True , 3103
14121 , True , 3090
3566 , False , 3002
8732 , False , 3045
20401 , False , 3142
485257 , False , 7016
20815 , False , 3146
30399 , False , 3225
24628 , True , 3177
20895 , False , 3146
5970 , False , 3022
18069 , False , 3123
3049 , False , 2997
16390 , False , 3109
17409 , False , 3117
15697 , True , 3103
34132 , True , 3257
16111 , True , 3106
20696 , True , 3145
17034 , True , 3114
30479 , True , 3226
16565 , False , 3110
138301 , True , 4125
75620 , True , 3602
59450 , False , 3467
19462 , False , 3134
17639 , True , 3119
16159 , True , 3107
39466 , False , 3301
10698 , True , 3061
16286 , False , 3108
111273 , True , 3899
18634 , False , 3127
778621 , False , 9461
31840 , False , 3237
387350 , False , 6200
11072 , True , 3064
8581 , True , 3044
13795 , True , 3087
12664 , True , 3078
9632 , True , 3052
31928 , False , 3238
14511 , False , 3093
43780 , False , 3337
511850 , False , 7237
20807 , True , 3145
18650 , True , 3127
32978 , True , 3247
12521 , True , 3076
30503 , True , 3226
47760 , True , 3370
17902 , True , 3121
159471 , False , 4301
17807 , True , 3120
21818 , True , 3154
17353 , False , 3117
107977 , False , 3872
15737 , True , 3103
7466 , True , 3034
19152 , False , 3132
18316 , False , 3125
135320 , False , 4100
48357 , True , 3375
17886 , False , 3121
18610 , False , 3127
25002 , True , 3180
18563 , True , 3127
22885 , False , 3163
12927 , True , 3080
26610 , True , 3194
40516 , False , 3310
15840 , True , 3104
19430 , True , 3134
13604 , False , 3085
43899 , True , 3338
31044 , True , 3231
31378 , True , 3234
28799 , True , 3212
31840 , False , 3237
16605 , True , 3110
10133 , True , 3057
19773 , True , 3137
26459 , True , 3193
109848 , False , 3887
43995 , False , 3339
24103 , True , 3173
19860 , True , 3138
11940 , True , 3072
20640 , True , 3144
29134 , False , 3215
23928 , False , 3171
25034 , False , 3181
27892 , False , 3205
15562 , False , 3102
14121 , True , 3090
32636 , False , 3244
22312 , False , 3158
14758 , True , 3095
37810 , True , 3287
21818 , True , 3154
28210 , True , 3207
18905 , False , 3130
39784 , False , 3304
18985 , True , 3130
9425 , False , 3051
21540 , False , 3152
12521 , False , 3076
30813 , False , 3229
16055 , False , 3106
15005 , True , 3097
39243 , True , 3299
17313 , False , 3116
174 , True , 2974
17122 , False , 3115
21006 , True , 3147
63680 , False , 3503
8573 , False , 3044
12043 , True , 3072
36043 , True , 3272
25687 , True , 3186
6527 , True , 3026
11908 , False , 3071
20656 , False , 3144
19096 , False , 3131
9464 , True , 3051
25408 , False , 3184
11359 , True , 3067
20696 , True , 3145
35709 , False , 3270
20003 , False , 3139
12067 , True , 3073
1040723 , False , 11645
26881 , True , 3196
15824 , True , 3104
23458 , True , 3168
30208 , True , 3224
32119 , False , 3240
12067 , True , 3073
21190 , True , 3149
15530 , True , 3101
6902 , True , 3030
15682 , True , 3103
15291 , True , 3099
16374 , False , 3109
23116 , True , 3165
15092 , True , 3098
18228 , True , 3124
9345 , False , 3050
36473 , True , 3276
48699 , True , 3378
11837 , False , 3071
13882 , True , 3088
17974 , False , 3122
10284 , True , 3058
13834 , True , 3087
21802 , True , 3154
33288 , True , 3249
26578 , False , 3194
25989 , True , 3189
32628 , True , 3244
32119 , False , 3240
27032 , False , 3197
18292 , False , 3125
29452 , True , 3218
29802 , False , 3220
217065 , False , 4781
39155 , True , 3298
15888 , True , 3104
15546 , True , 3102
19279 , True , 3133
13834 , True , 3087
37460 , False , 3284
39028 , False , 3297
93670 , True , 3753
28592 , True , 3210
14949 , False , 3097
24421 , False , 3176
31904 , True , 3238
17902 , False , 3121
17154 , True , 3115
12593 , True , 3077
11606 , True , 3069
32206 , True , 3240
31116 , True , 3231
20616 , True , 3144
3184 , False , 2999
19844 , True , 3137
9815 , True , 3054
23203 , True , 3165
37173 , False , 3282
1102 , False , 2981
22312 , True , 3158
23840 , True , 3171
28863 , True , 3213
25989 , True , 3189
23562 , False , 3168
56675 , True , 3444
31132 , True , 3232
17114 , True , 3115
16477 , True , 3109
309836 , False , 5554
19422 , True , 3134
30336 , True , 3225
7960 , False , 3038
21779 , False , 3154
19048 , False , 3131
16907 , True , 3113
31752 , True , 3237
14583 , True , 3094
16676 , False , 3111
15204 , False , 3099
14145 , True , 3090
20616 , False , 3144
150423 , False , 4226
17687 , True , 3119
10794 , True , 3062
7140 , True , 3032
9441 , True , 3051
3908 , False , 3005
30535 , True , 3227
33432 , True , 3251
24338 , True , 3175
11765 , False , 3070
10324 , True , 3058
33130 , False , 3248
23450 , True , 3167
40087 , True , 3306
42984 , True , 3330
20083 , True , 3139
11837 , True , 3071
37651 , False , 3286
20537 , False , 3143
17337 , True , 3117
27048 , False , 3197
14806 , True , 3095
19621 , False , 3136
14455 , False , 3093
33567 , True , 3252
29810 , True , 3220
17217 , False , 3116
12394 , True , 3075
19024 , True , 3131
34276 , True , 3258
19375 , False , 3134
12036 , True , 3072
12211 , False , 3074
13691 , False , 3086
22638 , True , 3161
60639 , True , 3477
6089 , False , 3023
34085 , True , 3256
13596 , True , 3085
39012 , True , 3297
10985 , False , 3064
20561 , True , 3143
23132 , True , 3165
14646 , True , 3094
13126 , True , 3081
13007 , False , 3080
33448 , True , 3251
16819 , True , 3112
208783 , False , 4712
12680 , True , 3078
30200 , True , 3224
9122 , True , 3048
26308 , True , 3191
8422 , False , 3042
13476 , True , 3084
86217 , False , 3691
28879 , True , 3213
15920 , True , 3105
23442 , True , 3167
13381 , True , 3084
266800 , False , 5195
15339 , False , 3100
24501 , True , 3176
9122 , True , 3048
2022 , True , 2989
19295 , False , 3133
15196 , False , 3099
18993 , False , 3130
19980 , False , 3139
21842 , True , 3154
15864 , False , 3104
20107 , True , 3140
20672 , True , 3144
11423 , True , 3067
30033 , False , 3222
20680 , True , 3144
26618 , True , 3194
8167 , True , 3040
13604 , True , 3085
19812 , True , 3137
23187 , True , 3165
17958 , True , 3122
23410 , True , 3167
11630 , True , 3069
15291 , False , 3099
12911 , True , 3080
21540 , True , 3152
24360 , False , 3175
150568 , False , 4227
25798 , True , 3187
31044 , False , 3231
13771 , True , 3087
229033 , False , 4881
12012 , True , 3072
17751 , True , 3120
142166 , False , 4157
30009 , True , 3222
45953 , True , 3355
6066 , True , 3023
51581 , False , 3402
30678 , False , 3228
76806 , True , 3612
15466 , True , 3101
10531 , True , 3060
15522 , True , 3101
18626 , True , 3127
47832 , False , 3371
30694 , False , 3228
20656 , False , 3144
17600 , False , 3119
51692 , False , 3403
17504 , False , 3118
10491 , True , 3059
16429 , False , 3109
30638 , False , 3227
17695 , True , 3120
33894 , False , 3255
14002 , True , 3089
15554 , False , 3102
16254 , True , 3108
38383 , True , 3292
20258 , False , 3141
28752 , True , 3212
34093 , True , 3256
17289 , True , 3116
19900 , True , 3138
16055 , True , 3106
20529 , False , 3143
29619 , True , 3219
52504 , True , 3410
16955 , False , 3113
18483 , False , 3126
44974 , True , 3347
20362 , True , 3142
20139 , False , 3140
23777 , True , 3170
31808 , False , 3237
16589 , True , 3110
15745 , True , 3103
25345 , True , 3183
19462 , False , 3134
15522 , True , 3101
12728 , False , 3078
42856 , False , 3329
47465 , True , 3368
16071 , True , 3106
124494 , False , 4010
11112 , False , 3065
21818 , False , 3154
56540 , False , 3443
21962 , False , 3155
27701 , True , 3203
20099 , True , 3140
44353 , True , 3342
44576 , True , 3344
41790 , False , 3320
8398 , True , 3042
21317 , True , 3150
55593 , False , 3435
49567 , False , 3385
12179 , True , 3074
15220 , True , 3099
9854 , False , 3054
8573 , True , 3044
37969 , False , 3288
42546 , True , 3327
24358 , False , 3175
34148 , True , 3257
15817 , False , 3104
9472 , True , 3051
29571 , False , 3218
9345 , True , 3050
18905 , False , 3130
21484 , False , 3151
13389 , False , 3084
17743 , True , 3120
18125 , False , 3123
19104 , False , 3131
14829 , True , 3096
15928 , False , 3105
40596 , True , 3310
29356 , True , 3217
20943 , True , 3147
23880 , True , 3171
14010 , True , 3089
14575 , True , 3094
13349 , False , 3083
15052 , False , 3098
58976 , False , 3464
4673 , True , 3011
17727 , True , 3120
14344 , False , 3092
6710 , True , 3028
33567 , True , 3252
14662 , False , 3094
19542 , True , 3135
34228 , False , 3257
15411 , False , 3100
25440 , False , 3184
29428 , False , 3217
14583 , False , 3094
45436 , True , 3351
28449 , True , 3209
16796 , True , 3112
42865 , True , 3329
23864 , True , 3171
15116 , True , 3098
18197 , True , 3124
14559 , True , 3093
15641 , False , 3102
9966 , False , 3055
19271 , False , 3133
22583 , True , 3160
26340 , False , 3192
14941 , True , 3097
31004 , False , 3230
30702 , False , 3228
21699 , True , 3153
20839 , True , 3146
12633 , True , 3077
12704 , True , 3078
16326 , True , 3108
24883 , False , 3179
15530 , True , 3101
12664 , True , 3078
14424 , False , 3092
21102 , True , 3148
36035 , False , 3272
31721 , True , 3236
23721 , True , 3170
18380 , True , 3125
17241 , True , 3116
23872 , True , 3171
8119 , True , 3040
16796 , False , 3112
20577 , True , 3144
27167 , True , 3198
20027 , True , 3139
26021 , True , 3189
37117 , True , 3281
18181 , True , 3124
26459 , False , 3193
23076 , False , 3164
18547 , True , 3127
15713 , False , 3103
27589 , True , 3202
27956 , True , 3205
18937 , True , 3130
17791 , True , 3120
68614 , True , 3544
7880 , True , 3038
9051 , True , 3047
11661 , False , 3069
10722 , False , 3061
79600 , False , 3635
14201 , True , 3090
20696 , True , 3145
24604 , True , 3177
30247 , True , 3224
19900 , False , 3138
15363 , False , 3100
16644 , True , 3111
15148 , True , 3098
25639 , False , 3186
45117 , True , 3348
45770 , False , 3353
19184 , False , 3132
20648 , False , 3144
26961 , False , 3197
5285 , True , 3016
14758 , True , 3095
31968 , True , 3238
17194 , True , 3115
3133 , True , 2998
13938 , True , 3088
12561 , True , 3077
17496 , True , 3118
12720 , True , 3078
17576 , True , 3119
16302 , True , 3108
100845 , False , 3812
11240 , True , 3066
0 , True , 2972
10937 , False , 3063
37316 , True , 3283
54813 , True , 3429
19868 , True , 3138
23554 , False , 3168
24493 , True , 3176
49169 , False , 3382
7841 , True , 3037
15100 , True , 3098
19104 , False , 3131
27430 , True , 3201
15618 , True , 3102
20258 , True , 3141
11630 , False , 3069
28775 , True , 3212
11940 , False , 3072
26149 , True , 3190
23379 , False , 3167
10101 , True , 3056
40437 , True , 3309
12839 , True , 3079
25735 , True , 3187
14320 , False , 3091
13659 , True , 3086
12847 , False , 3079
16987 , False , 3114
21333 , False , 3150
17830 , False , 3121
17273 , True , 3116
16119 , True , 3106
12258 , False , 3074
30972 , True , 3230
310387 , False , 5559
17265 , False , 3116
25018 , False , 3181
20218 , False , 3141
8048 , True , 3039
19112 , True , 3131
21166 , False , 3148
54590 , False , 3427
14662 , True , 3094
13938 , False , 3088
13341 , False , 3083
13468 , True , 3084
6090 , True , 3023
40341 , True , 3308
31904 , True , 3238
15673 , True , 3103
2412 , True , 2992
41631 , False , 3319
22614 , False , 3161
13540 , False , 3085
2436 , False , 2992
16406 , False , 3109
17687 , True , 3119
37324 , False , 3283
27064 , True , 3198
32644 , True , 3244
18252 , True , 3124
13102 , True , 3081
44377 , True , 3342
22431 , False , 3159
19868 , True , 3138
27024 , True , 3197
42228 , True , 3324
11908 , False , 3071
15896 , True , 3105
13134 , True , 3082
11837 , True , 3071
20616 , True , 3144
19200 , True , 3132
26316 , True , 3191
10491 , True , 3059
16772 , True , 3112
14280 , True , 3091
13683 , False , 3086
12394 , True , 3075
14925 , True , 3096
21054 , True , 3148
15641 , True , 3102
12457 , True , 3076
11240 , True , 3066
14344 , False , 3092
15275 , True , 3099
13819 , True , 3087
14113 , True , 3090
32381 , False , 3242
23928 , False , 3171
14392 , True , 3092
24111 , True , 3173
17472 , True , 3118
20218 , False , 3141
20107 , True , 3140
23004 , True , 3164
11884 , True , 3071
151741 , False , 4237
10046 , True , 3056
46327 , True , 3358
4776 , True , 3012
10404 , False , 3059
11200 , True , 3065
11192 , True , 3065
12346 , True , 3075
107245 , False , 3866
28306 , True , 3208
14829 , False , 3096
14981 , True , 3097
20792 , True , 3145
15864 , False , 3104
32477 , False , 3243
17130 , False , 3115
43939 , False , 3338
8414 , True , 3042
17576 , True , 3119
14041 , False , 3089
23601 , True , 3169
17894 , True , 3121
16772 , True , 3112
10276 , False , 3058
19391 , True , 3134
12242 , True , 3074
20529 , True , 3143
16907 , True , 3113
13118 , False , 3081
16121 , True , 3106
20282 , True , 3141
30511 , True , 3226
29930 , True , 3221
14328 , True , 3091
17249 , False , 3116
142651 , False , 4161
33830 , True , 3254
13293 , True , 3083
28242 , True , 3207
36616 , True , 3277
55091 , False , 3431
71767 , False , 3570
62621 , False , 3494
18905 , True , 3130
18690 , True , 3128
47465 , False , 3368
10555 , True , 3060
11072 , True , 3064
21818 , False , 3154
13365 , True , 3083
21245 , False , 3149
34443 , True , 3259
19422 , True , 3134
34228 , True , 3257
15952 , False , 3105
22845 , True , 3162
15243 , True , 3099
62064 , True , 3489
12330 , False , 3075
24071 , True , 3173
20330 , True , 3141
23187 , False , 3165
20624 , True , 3144
21190 , True , 3149
32771 , True , 3245
32111 , True , 3240
38495 , True , 3293
16318 , True , 3108
15411 , True , 3100
24175 , False , 3174
10444 , True , 3059
9942 , False , 3055
19024 , True , 3131
66928 , False , 3530
24843 , True , 3179
57153 , True , 3448
21435 , True , 3151
14240 , False , 3091
51652 , False , 3403
19502 , False , 3135
16238 , False , 3107
11224 , True , 3066
83578 , False , 3669
19088 , True , 3131
33432 , True , 3251
31434 , True , 3234
9600 , True , 3052
43732 , False , 3337
11224 , True , 3066
22511 , True , 3160
14623 , True , 3094
13317 , True , 3083
222880 , False , 4829
31848 , True , 3237
32477 , False , 3243
15753 , False , 3103
333877 , False , 5754
9775 , True , 3054
39697 , False , 3303
32716 , True , 3245
19383 , True , 3134
32994 , True , 3247
81797 , False , 3654
40007 , False , 3305
18587 , True , 3127
22344 , True , 3158
17751 , False , 3120
10165 , True , 3057
35701 , False , 3270
20569 , True , 3143
10778 , False , 3062
86549 , False , 3693
10133 , True , 3057
3654 , False , 3003
27048 , False , 3197
16835 , True , 3112
339880 , False , 5804
11940 , True , 3072
30391 , True , 3225
35661 , True , 3269
27948 , True , 3205
14408 , True , 3092
10053 , False , 3056
21890 , True , 3154
16350 , True , 3108
11176 , True , 3065
27422 , True , 3201
20831 , True , 3146
18244 , True , 3124
9982 , False , 3055
29842 , True , 3221
12967 , True , 3080
35183 , True , 3265
3192 , True , 2999
14575 , False , 3094
17003 , False , 3114
35764 , True , 3270
19868 , False , 3138
17345 , True , 3117
9592 , True , 3052
8581 , True , 3044
17496 , False , 3118
31124 , False , 3231
258129 , False , 5123
14646 , False , 3094
17480 , True , 3118
24095 , False , 3173
74820 , True , 3596
3104 , False , 2998
27136 , True , 3198
7132 , True , 3032
17775 , True , 3120
15602 , False , 3102
13222 , False , 3082
150484 , True , 4226
17074 , False , 3114
21938 , True , 3155
22407 , False , 3159
17050 , True , 3114
54717 , False , 3428
45826 , True , 3354
19430 , True , 3134
18467 , False , 3126
40628 , True , 3311
44974 , True , 3347
20123 , False , 3140
19502 , True , 3135
29571 , False , 3218
11096 , True , 3065
19406 , True , 3134
8153 , False , 3040
10348 , False , 3058
17289 , False , 3116
23880 , True , 3171
7976 , False , 3039
34562 , True , 3260
38574 , True , 3294
13421 , False , 3084
35629 , False , 3269
12800 , True , 3079
13078 , False , 3081
17600 , True , 3119
12991 , True , 3080
18618 , True , 3127
28656 , True , 3211
23474 , True , 3168
13038 , False , 3081
26555 , True , 3193
22511 , True , 3160
10714 , False , 3061
10507 , True , 3060
12633 , True , 3077
45507 , True , 3351
38224 , False , 3291
42857 , True , 3329
970205 , False , 11057
14145 , False , 3090
8758 , True , 3045
18698 , True , 3128
32970 , False , 3247
26682 , True , 3194
4943 , True , 3013
20250 , False , 3141
24254 , True , 3174
21532 , True , 3152
18077 , True , 3123
77928 , False , 3621
14057 , False , 3089
31084 , False , 3231
382510 , False , 6160
34316 , True , 3258
27780 , False , 3204
32079 , True , 3239
5604 , False , 3019
12123 , False , 3073
11263 , True , 3066
15801 , True , 3104
19271 , False , 3133
38407 , True , 3292
1108828 , False , 12212
10555 , True , 3060
32222 , True , 3241
15347 , True , 3100
13930 , True , 3088
15817 , False , 3104
11805 , True , 3070
24015 , True , 3172
19502 , True , 3135
15267 , True , 3099
14798 , False , 3095
20839 , True , 3146
17759 , False , 3120
45077 , True , 3348
29707 , True , 3220
13842 , True , 3087
10428 , True , 3059
16167 , True , 3107
7960 , False , 3038
29882 , True , 3221
29961 , True , 3222
19502 , True , 3135
11606 , True , 3069
2413554 , False , 23085
15976 , True , 3105
20951 , False , 3147
11271 , True , 3066
20099 , True , 3140
54383 , False , 3425
17305 , True , 3116
25201 , False , 3182
29500 , False , 3218
16238 , True , 3107
90123 , False , 3723
11415 , True , 3067
20593 , False , 3144
17846 , True , 3121
16103 , False , 3106
36592 , True , 3277
17090 , False , 3114
33456 , True , 3251
11661 , True , 3069
26905 , True , 3196
238004 , False , 4955
11916 , True , 3071
10278 , False , 3058
20903 , True , 3146
18563 , False , 3127
16493 , False , 3110
21763 , False , 3153
40366 , False , 3308
11964 , True , 3072
20919 , True , 3146
15960 , False , 3105
123380 , False , 4000
21118 , True , 3148
20919 , True , 3146
19223 , True , 3132
21787 , False , 3154
34921 , True , 3263
17178 , False , 3115
2969 , True , 2997
12927 , False , 3080
580 , True , 2977
13580 , True , 3085
20624 , False , 3144
29325 , True , 3216
92519 , True , 3743
29762 , True , 3220
28322 , True , 3208
4609 , False , 3010
27900 , True , 3205
12513 , True , 3076
20027 , True , 3139
9655 , True , 3053
26268 , True , 3191
33002 , False , 3247
35820 , True , 3271
17273 , True , 3116
22001 , False , 3155
16987 , False , 3114
17034 , False , 3114
68730 , False , 3545
23601 , True , 3169
20521 , False , 3143
13166 , True , 3082
27223 , True , 3199
39714 , False , 3303
16191 , True , 3107
18125 , False , 3123
18913 , False , 3130
15474 , True , 3101
3972 , True , 3005
12211 , True , 3074
16286 , True , 3108
14455 , False , 3093
39943 , True , 3305
20840 , True , 3146
13261 , True , 3083
12314 , True , 3075
23641 , True , 3169
25727 , True , 3186
7682 , False , 3036
10857 , True , 3063
28688 , False , 3211
26905 , True , 3196
5819 , True , 3021
6814 , True , 3029
32931 , True , 3246
6304 , True , 3025
15188 , False , 3099
20465 , True , 3143
28616 , False , 3211
29850 , True , 3221
24286 , True , 3174
7880 , True , 3038
14002 , False , 3089
70072 , True , 3556
6223 , False , 3024
25042 , True , 3181
9313 , True , 3050
7045 , False , 3031
49392 , True , 3384
8326 , True , 3041
28775 , False , 3212
15124 , False , 3098
13206 , False , 3082
18714 , False , 3128
16812 , True , 3112
26555 , False , 3193
17767 , False , 3120
12441 , True , 3076
22670 , True , 3161
7005 , True , 3030
12585 , True , 3077
9488 , True , 3051
8729 , False , 3045
20179 , True , 3140
11892 , True , 3071
22463 , True , 3159
33002 , False , 3247
40867 , True , 3313
15021 , True , 3097
20648 , True , 3144
9648 , True , 3052
13532 , True , 3085
23358 , True , 3167
38280 , False , 3291
12736 , True , 3078
660388 , False , 8475
17998 , True , 3122
14248 , True , 3091
18841 , True , 3129
17090 , True , 3114
19836 , True , 3137
67660 , True , 3536
667 , True , 2978
14057 , True , 3089
11832 , False , 3071
19781 , True , 3137
15506 , False , 3101
26961 , False , 3197
4034190 , False , 36590
580 , False , 2977
12720 , True , 3078
10619 , True , 3061
33257 , True , 3249
42896 , True , 3330
32270 , False , 3241
20672 , False , 3144
14408 , True , 3092
34586 , True , 3260
18491 , True , 3126
12386 , True , 3075
24206 , True , 3174
22925 , True , 3163
13269 , True , 3083
15132 , True , 3098
62518 , True , 3493
13747 , True , 3087
10682 , False , 3061
33408 , False , 3250
29181 , True , 3215
59167 , False , 3465
23896 , False , 3171
15793 , True , 3104
13819 , True , 3087
44178 , False , 3340
6641 , True , 3027
37707 , True , 3286
220197 , False , 4807
30208 , True , 3224
19271 , True , 3133
21261 , True , 3149
20378 , True , 3142
9592 , False , 3052
158630 , False , 4294
103122 , True , 3831
106198 , False , 3857
19900 , True , 3138
15586 , True , 3102
12752 , True , 3078
27860 , False , 3204
24143 , False , 3173
11033 , False , 3064
13444 , True , 3084
53133 , True , 3415
10022 , False , 3056
13659 , False , 3086
25018 , True , 3181
16851 , True , 3112
19040 , True , 3131
19422 , True , 3134
15522 , False , 3101
22288 , False , 3158
15904 , True , 3105
13373 , True , 3084
17456 , True , 3118
9385 , True , 3050
14169 , True , 3090
21285 , False , 3149
12219 , False , 3074
27677 , False , 3203
12593 , True , 3077
15399 , True , 3100
33639 , True , 3252
16660 , True , 3111
17902 , False , 3121
23800 , False , 3170
1030747 , False , 11562
60560 , False , 3477
34642 , True , 3261
7689 , True , 3036
12242 , True , 3074
22272 , True , 3158
23164 , True , 3165
199000 , False , 4630
12195 , True , 3074
10889 , True , 3063
21564 , True , 3152
14217 , False , 3091
15960 , True , 3105
61164 , True , 3482
11176 , True , 3065
10372 , True , 3059
48707 , False , 3378
6869 , True , 3029
16788 , True , 3112
13803 , True , 3087
14049 , False , 3089
44576 , False , 3344
12489 , False , 3076
20298 , False , 3141
40891 , True , 3313
39370 , False , 3300
10547 , True , 3060
18794 , False , 3129
13325 , False , 3083
29850 , False , 3221
31004 , False , 3230
17982 , True , 3122
23315 , False , 3166
16135 , True , 3107
6066 , False , 3023
16812 , True , 3112
19884 , True , 3138
8525 , False , 3043
22583 , True , 3160
9767 , True , 3053
20831 , True , 3146
13421 , True , 3084
17536 , True , 3118
23028 , False , 3164
26570 , False , 3193
12736 , True , 3078
31100 , True , 3231
41312 , False , 3316
20489 , True , 3143
10674 , True , 3061
10348 , True , 3058
22328 , False , 3158
54255 , False , 3424
22821 , True , 3162
137015 , False , 4114
19438 , False , 3134
15355 , True , 3100
33703 , False , 3253
10149 , False , 3057
29269 , True , 3216
20218 , True , 3141
20911 , False , 3146
16557 , True , 3110
191400 , False , 4567
11399 , True , 3067
18165 , True , 3123
41822 , True , 3321
42578 , True , 3327
13620 , True , 3086
27359 , False , 3200
8493 , False , 3043
12131 , True , 3073
23697 , True , 3170
8382 , True , 3042
23769 , True , 3170
28847 , True , 3212
14519 , True , 3093
23713 , True , 3170
18491 , True , 3126
24803 , False , 3179
12991 , True , 3080
14559 , True , 3093
19184 , True , 3132
14901 , True , 3096
17711 , True , 3120
12083 , True , 3073
178224 , False , 4457
22805 , False , 3162
9894 , True , 3055
19900 , False , 3138
21739 , False , 3153
31593 , False , 3235
18061 , True , 3123
19120 , True , 3131
24692 , True , 3178
27247 , True , 3199
6862 , True , 3029
55027 , False , 3431
15968 , True , 3105
35844 , False , 3271
12123 , False , 3073
52743 , True , 3412
12640 , True , 3077
21253 , True , 3149
16644 , True , 3111
22885 , True , 3163
7236 , True , 3032
35820 , True , 3271
26833 , False , 3196
38630 , True , 3294
20115 , True , 3140
13930 , True , 3088
23028 , False , 3164
20155 , True , 3140
17958 , True , 3122
10547 , False , 3060
44926 , False , 3346
36751 , True , 3278
25950 , True , 3188
19725 , False , 3136
20346 , True , 3142
20784 , True , 3145
31522 , True , 3235
47044 , False , 3364
46719 , True , 3361
37117 , False , 3281
9154 , False , 3048
13755 , True , 3087
10332 , True , 3058
16676 , True , 3111
37738 , False , 3287
34809 , True , 3262
26100 , True , 3190
12712 , False , 3078
14806 , True , 3095
64003 , True , 3505
103480 , True , 3834
60138 , True , 3473
49271 , True , 3383
12577 , True , 3077
28807 , False , 3212
38757 , True , 3295
16230 , True , 3107
22129 , True , 3156
17305 , True , 3116
37730 , True , 3286
10117 , True , 3056
14535 , True , 3093
19613 , True , 3136
27008 , True , 3197
17257 , True , 3116
1592 , True , 2985
14137 , True , 3090
12330 , False , 3075
17456 , True , 3118
30487 , True , 3226
15212 , False , 3099
102341 , False , 3825
34936 , False , 3263
27032 , False , 3197
16597 , False , 3110
104052 , False , 3839
12043 , True , 3072
22376 , True , 3159
40055 , True , 3306
40118 , True , 3306
24198 , False , 3174
24493 , True , 3176
13134 , True , 3082
13890 , True , 3088
15403 , True , 3100
48652 , True , 3378
56747 , False , 3445
18849 , False , 3129
17480 , True , 3118
3234225 , False , 29924
36616 , True , 3277
13811 , True , 3087
18053 , True , 3123
14487 , True , 3093
13198 , True , 3082
355917 , False , 5938
12911 , True , 3080
14957 , False , 3097
17178 , True , 3115
15498 , True , 3101
4553 , True , 3010
22431 , True , 3159
7466 , False , 3034
15403 , True , 3100
16819 , False , 3112
28457 , True , 3209
12043 , True , 3072
17982 , True , 3122
8859 , True , 3046
7443 , True , 3034
25257 , False , 3183
13986 , False , 3089
15665 , True , 3103
9663 , False , 3053
22583 , True , 3160
32501 , True , 3243
580 , True , 2977
2204 , True , 2990
29946 , False , 3222
11033 , True , 3064
23132 , False , 3165
3996 , True , 3005
37205 , True , 3282
16899 , False , 3113
24374 , True , 3175
10682 , True , 3061
8955 , True , 3047
20998 , True , 3147
30089 , True , 3223
5699 , False , 3020
10038 , True , 3056
51740 , False , 3403
16819 , False , 3112
28656 , False , 3211
60378 , False , 3475
93434 , True , 3751
3133 , True , 2998
10547 , False , 3060
16819 , True , 3112
10300 , True , 3058
21755 , True , 3153
12521 , True , 3076
17743 , True , 3120
18308 , True , 3125
20967 , True , 3147
5341 , False , 3017
14225 , False , 3091
30964 , True , 3230
20855 , False , 3146
13389 , False , 3084
9273 , True , 3049
31920 , True , 3238
15156 , True , 3098
31004 , True , 3230
69220 , True , 3549
18435 , True , 3126
16326 , True , 3108
14949 , True , 3097
28075 , True , 3206
32986 , False , 3247
24525 , False , 3176
26570 , True , 3193
31840 , False , 3237
17934 , True , 3122
174870 , False , 4429
61292 , False , 3483
36473 , True , 3276
32580 , True , 3244
12426 , False , 3076
9854 , True , 3054
10380 , True , 3059
33520 , False , 3251
25751 , False , 3187
12760 , True , 3078
33512 , False , 3251
28513 , True , 3210
33894 , False , 3255
17759 , True , 3120
20139 , True , 3140
18626 , True , 3127
49551 , True , 3385
19223 , True , 3132
48238 , False , 3374
8852 , True , 3046
10619 , False , 3061
23880 , False , 3171
30391 , True , 3225
14352 , False , 3092
11837 , True , 3071
8668 , False , 3044
9297 , True , 3050
109848 , False , 3887
34841 , False , 3262
42992 , False , 3330
14217 , True , 3091
14376 , True , 3092
16891 , True , 3113
32708 , True , 3245
6607 , True , 3027
16700 , True , 3111
27804 , True , 3204
32533 , False , 3243
32771 , True , 3245
16016 , True , 3106
26216 , False , 3191
21643 , True , 3152
9640 , True , 3052
26825 , False , 3196
20648 , True , 3144
15124 , True , 3098
33559 , True , 3252
12203 , True , 3074
36664 , False , 3278
19422 , False , 3134
5742 , True , 3020
20927 , True , 3146
9926 , True , 3055
12967 , False , 3080
174870 , False , 4429
17393 , False , 3117
34212 , False , 3257
14376 , True , 3092
14726 , True , 3095
26873 , True , 3196
29078 , True , 3214
26483 , True , 3193
29930 , False , 3221
13373 , False , 3084
17114 , True , 3115
15243 , False , 3099
20147 , True , 3140
34714 , True , 3261
222575 , False , 4827
18348 , False , 3125
11916 , False , 3071
44401 , False , 3342
16589 , False , 3110
7061 , False , 3031
15363 , False , 3100
33989 , True , 3255
7650 , True , 3036
17830 , True , 3121
39704 , True , 3303
11972 , False , 3072
15411 , True , 3100
19112 , True , 3131
39020 , True , 3297
29882 , False , 3221
40453 , False , 3309
13572 , True , 3085
13094 , False , 3081
26825 , False , 3196
19128 , False , 3131
42498 , True , 3326
25265 , False , 3183
18969 , False , 3130
13604 , True , 3085
13253 , True , 3083
26865 , True , 3196
12211 , True , 3074
23267 , True , 3166
36321 , False , 3275
20823 , True , 3146
39537 , True , 3302
35828 , True , 3271
25950 , True , 3188
12927 , False , 3080
5954 , True , 3022
28752 , True , 3212
20768 , True , 3145
8406 , False , 3042
22462 , True , 3159
36369 , True , 3275
77610 , False , 3619
18364 , True , 3125
7880 , True , 3038
12155 , False , 3073
10284 , True , 3058
27677 , False , 3203
119400 , False , 3967
10229 , False , 3057
19016 , False , 3131
15578 , False , 3102
20911 , True , 3146
15196 , False , 3099
12720 , True , 3078
23848 , False , 3171
75644 , True , 3602
18053 , True , 3123
14893 , True , 3096
14201 , True , 3090
16151 , True , 3107
31180 , True , 3232
3104 , True , 2998
51764 , False , 3403
14662 , True , 3094
9624 , False , 3052
18467 , False , 3126
12991 , True , 3080
24023 , True , 3172
10356 , True , 3058
35518 , True , 3268
12099 , True , 3073
14312 , True , 3091
17202 , False , 3115
21086 , False , 3148
30527 , False , 3226
8406 , False , 3042
18531 , True , 3126
17225 , False , 3116
11661 , True , 3069
16796 , False , 3112
25273 , True , 3183
20226 , True , 3141
17862 , True , 3121
22877 , False , 3163
10340 , False , 3058
29213 , True , 3216
21898 , True , 3155
220400 , False , 4809
16565 , True , 3110
10412 , True , 3059
40763 , False , 3312
17194 , True , 3115
21476 , True , 3151
8729 , True , 3045
64373 , True , 3509
87480 , False , 3701
24660 , True , 3178
12656 , False , 3078
18181 , True , 3124
23076 , False , 3164
16215 , True , 3107
19534 , False , 3135
21818 , True , 3154
24039 , True , 3172
20003 , True , 3139
17472 , True , 3118
25830 , False , 3187
21858 , True , 3154
10292 , True , 3058
9600 , True , 3052
13134 , True , 3082
46327 , True , 3358
48954 , True , 3380
20728 , True , 3145
172840 , False , 4412
11860 , True , 3071
19900 , False , 3138
100941 , True , 3813
38311 , True , 3291
18881 , False , 3129
20131 , False , 3140
21396 , True , 3150
14161 , True , 3090
25361 , False , 3183
21315 , True , 3150
13253 , True , 3083
19566 , False , 3135
45380 , True , 3350
29651 , True , 3219
113564 , False , 3918
69467 , True , 3551
12728 , False , 3078
38208 , True , 3290
11080 , True , 3064
22638 , True , 3161
22113 , True , 3156
24007 , True , 3172
49137 , False , 3382
10444 , True , 3059
97860 , True , 3788
542677 , False , 7494
18881 , False , 3129
20099 , True , 3140
33344 , True , 3250
11311 , False , 3066
14997 , False , 3097
34690 , True , 3261
25448 , False , 3184
27390 , False , 3200
15196 , True , 3099
25297 , False , 3183
44805 , False , 3345
17703 , False , 3120
21993 , False , 3155
31848 , True , 3237
41392 , True , 3317
11144 , False , 3065
7960 , True , 3038
28998 , True , 3214
31832 , False , 3237
576 , False , 2977
11622 , True , 3069
16382 , True , 3109
8724 , False , 3045
17520 , False , 3118
24636 , False , 3177
39028 , True , 3297
15225 , False , 3099
10348 , True , 3058
20298 , False , 3141
16589 , False , 3110
22702 , True , 3161
12991 , True , 3080
16875 , True , 3113
10268 , True , 3058
53360 , False , 3417
20417 , True , 3142
30956 , True , 3230
16724 , True , 3111
15028 , True , 3097
11813 , True , 3071
32771 , False , 3245
11590 , True , 3069
36377 , False , 3275
119329 , False , 3966
10834 , True , 3062
23347 , True , 3167
18515 , False , 3126
10515 , True , 3060
33918 , True , 3255
21396 , False , 3150
15299 , True , 3100
16119 , True , 3106
19462 , True , 3134
228520 , False , 4876
748 , False , 2978
21420 , True , 3151
14185 , True , 3090
25746 , True , 3187
23936 , True , 3172
19200 , True , 3132
13659 , True , 3086
11892 , True , 3071
17281 , False , 3116
48110 , False , 3373
13444 , False , 3084
6631 , True , 3027
23036 , True , 3164
5195 , False , 3015
23291 , True , 3166
36274 , False , 3274
39346 , True , 3300
37810 , False , 3287
25599 , True , 3185
12211 , True , 3074
17576 , True , 3119
11056 , True , 3064
4068 , True , 3006
20497 , True , 3143
29420 , False , 3217
14455 , True , 3093
56038 , True , 3439
64436 , True , 3509
9250 , True , 3049
8804 , False , 3045
22813 , True , 3162
40190 , False , 3307
7833 , True , 3037
12473 , False , 3076
14447 , True , 3092
15904 , True , 3105
14814 , True , 3096
31498 , False , 3235
21468 , True , 3151
15403 , False , 3100
12322 , True , 3075
44648 , False , 3344
43684 , True , 3336
18507 , True , 3126
13906 , True , 3088
26698 , False , 3195
8732 , True , 3045
133975 , False , 4089
22057 , True , 3156
30296 , False , 3225
12219 , True , 3074
21118 , True , 3148
75620 , False , 3602
10857 , True , 3063
24851 , False , 3179
12489 , True , 3076
22646 , True , 3161
12704 , True , 3078
15673 , True , 3103
34212 , False , 3257
24190 , True , 3174
31068 , True , 3231
17631 , True , 3119
8310 , False , 3041
24573 , True , 3177
14989 , True , 3097
17735 , False , 3120
14615 , False , 3094
13309 , False , 3083
8485 , True , 3043
6424 , True , 3026
21954 , False , 3155
66896 , True , 3530
18499 , False , 3126
58319 , False , 3458
14615 , False , 3094
29301 , False , 3216
11940 , False , 3072
16477 , True , 3109
21691 , True , 3153
11224 , False , 3066
5938 , True , 3022
105566 , False , 3852
12672 , True , 3078
13739 , True , 3087
17329 , False , 3116
31028 , False , 3231
21054 , True , 3148
3908 , False , 3005
17663 , True , 3119
33591 , True , 3252
30885 , True , 3229
9703 , True , 3053
2109 , True , 2990
28799 , True , 3212
40150 , False , 3307
14949 , False , 3097
32886 , False , 3246
19494 , False , 3135
16445 , False , 3109
18563 , True , 3127
17512 , True , 3118
31681 , False , 3236
20202 , True , 3140
44894 , False , 3346
19168 , True , 3132
28298 , True , 3208
13970 , True , 3088
35183 , True , 3265
24015 , True , 3172
21182 , True , 3149
16039 , True , 3106
26268 , True , 3191
24580 , True , 3177
17424 , True , 3117
14495 , True , 3093
27637 , True , 3202
13484 , False , 3084
20664 , True , 3144
26666 , True , 3194
44783 , False , 3345
17727 , True , 3120
41185 , True , 3315
71686 , True , 3569
12266 , True , 3074
6090 , False , 3023
12720 , True , 3078
12258 , False , 3074
93434 , True , 3751
24119 , True , 3173
14798 , True , 3095
23450 , False , 3167
36051 , True , 3272
15809 , False , 3104
314128 , False , 5590
12099 , True , 3073
30450 , True , 3226
15291 , False , 3099
19430 , False , 3134
25281 , True , 3183
18029 , False , 3122
27581 , True , 3202
15411 , False , 3100
12465 , True , 3076
16175 , False , 3107
22829 , True , 3162
24142 , False , 3173
47505 , True , 3368
24278 , False , 3174
20815 , True , 3146
17313 , True , 3116
13572 , False , 3085
16326 , True , 3108
6830 , True , 3029
14981 , True , 3097
25560 , True , 3185
32119 , True , 3240
33973 , True , 3255
24612 , False , 3177
16103 , True , 3106
42379 , True , 3325
18953 , True , 3130
35772 , False , 3270
7976 , True , 3039
13046 , True , 3081
30646 , True , 3227
11757 , True , 3070
18913 , False , 3130
22845 , False , 3162
8000 , False , 3039
30511 , False , 3226
10834 , True , 3062
27900 , True , 3205
12967 , False , 3080
27924 , True , 3205
50618 , True , 3394
16732 , True , 3112
8589 , True , 3044
17138 , True , 3115
5683 , True , 3019
59700 , False , 3470
67923 , True , 3538
20123 , True , 3140
13739 , False , 3087
33026 , True , 3247
19176 , False , 3132
15809 , True , 3104
13198 , True , 3082
20799 , True , 3145
16350 , True , 3108
39856 , False , 3304
19327 , True , 3133
12911 , False , 3080
22049 , False , 3156
16230 , True , 3107
24477 , True , 3176
22439 , False , 3159
21993 , False , 3155
17998 , False , 3122
28338 , True , 3208
22949 , True , 3163
15562 , True , 3102
15673 , False , 3103
20417 , True , 3142
18435 , True , 3126
49941 , True , 3388
9242 , False , 3049
16620 , True , 3111
10857 , True , 3063
30702 , False , 3228
10786 , False , 3062
28298 , False , 3208
291709 , False , 5403
18189 , True , 3124
16597 , False , 3110
86040 , True , 3689
20768 , True , 3145
8358 , True , 3042
45031 , True , 3347
12919 , False , 3080
33042 , True , 3247
51183 , False , 3399
16159 , True , 3107
10770 , True , 3062
11462 , True , 3068
24963 , True , 3180
22439 , True , 3159
40 , True , 2972
13986 , False , 3089
20059 , True , 3139
48691 , True , 3378
23888 , False , 3171
19247 , True , 3132
21556 , False , 3152
199 , True , 2974
10491 , False , 3059
16421 , True , 3109
31824 , True , 3237
13890 , True , 3088
20067 , True , 3139
29691 , False , 3219
14217 , False , 3091
4007829 , False , 36371
50920 , True , 3396
27876 , True , 3204
23490 , True , 3168
18205 , False , 3124
13282 , False , 3083
22192 , True , 3157
20768 , True , 3145
12816 , True , 3079
26714 , True , 3195
5078 , True , 3014
10539 , False , 3060
15148 , False , 3098
23991 , False , 3172
4736 , True , 3012
11932 , False , 3072
14312 , True , 3091
21898 , False , 3155
22782 , False , 3162
18642 , True , 3127
15896 , True , 3105
20656 , True , 3144
33623 , True , 3252
20688 , True , 3144
19327 , True , 3133
18149 , True , 3123
18069 , True , 3123
28847 , True , 3212
20179 , True , 3140
12505 , True , 3076
25966 , True , 3188
25416 , True , 3184
19295 , True , 3133
30160 , True , 3223
13556 , True , 3085
16525 , True , 3110
21548 , False , 3152
47657 , True , 3369
14185 , False , 3090
20497 , False , 3143
46255 , False , 3358
20903 , False , 3146
32763 , True , 3245
30049 , True , 3222
22129 , True , 3156
20115 , False , 3140
15140 , False , 3098
11797 , True , 3070
131340 , False , 4067
25010 , False , 3180
35462 , True , 3268
4808 , True , 3012
10858 , True , 3063
19430 , False , 3134
544301 , False , 7508
33902 , True , 3255
13906 , True , 3088
15721 , False , 3103
15777 , True , 3104
32771 , True , 3245
136832 , False , 4112
19598 , True , 3135
16111 , False , 3106
285679 , False , 5353
39362 , False , 3300
15291 , False , 3099
576 , False , 2977
20322 , True , 3141
25942 , True , 3188
10149 , True , 3057
97817 , False , 3787
25138 , True , 3182
6342 , False , 3025
27502 , False , 3201
15769 , False , 3103
16111 , False , 3106
22344 , True , 3158
32421 , True , 3242
46088 , False , 3356
10897 , False , 3063
11407 , False , 3067
19478 , True , 3134
20855 , False , 3146
14853 , True , 3096
16628 , True , 3111
29818 , False , 3221
6089 , True , 3023
3134 , True , 2998
42156 , True , 3323
34228 , True , 3257
30582 , True , 3227
8485 , True , 3043
36481 , True , 3276
21062 , True , 3148
15251 , True , 3099
17576 , True , 3119
21476 , False , 3151
28736 , False , 3212
14185 , False , 3090
22463 , True , 3159
28752 , False , 3212
9815 , True , 3054
16780 , False , 3112
22797 , True , 3162
20250 , True , 3141
5325 , False , 3016
11908 , False , 3071
14845 , False , 3096
25870 , False , 3188
58 , False , 2973
20752 , True , 3145
35661 , True , 3269
17902 , True , 3121
15227 , True , 3099
11391 , True , 3067
24875 , True , 3179
14209 , True , 3090
30057 , False , 3223
33615 , True , 3252
12242 , True , 3074
18563 , True , 3127
19900 , False , 3138
14113 , True , 3090
12927 , False , 3080
15220 , False , 3099
67668 , False , 3536
23617 , False , 3169
37810 , True , 3287
18356 , False , 3125
8016 , True , 3039
6599 , True , 3027
223300 , False , 4833
22073 , True , 3156
15227 , False , 3099
32015 , True , 3239
28226 , True , 3207
20481 , False , 3143
31402 , True , 3234
5899 , True , 3021
15896 , False , 3105
24843 , True , 3179
20210 , True , 3140
26610 , False , 3194
19064 , False , 3131
15832 , True , 3104
16039 , True , 3106
11693 , False , 3070
30391 , True , 3225
17536 , True , 3118
37022 , True , 3281
17106 , True , 3115
14121 , False , 3090
15124 , True , 3098
27892 , True , 3205
16716 , True , 3111
23482 , False , 3168
12274 , True , 3074
29110 , True , 3215
10666 , True , 3061
20401 , True , 3142
17799 , True , 3120
2205 , False , 2990
13922 , True , 3088
2054 , True , 2989
19478 , True , 3134
11391 , True , 3067
7602 , True , 3035
15021 , False , 3097
15840 , True , 3104
14670 , True , 3094
60378 , False , 3475
20059 , True , 3139
4131 , True , 3006
32700 , True , 3245
44942 , True , 3347
18985 , False , 3130
16780 , True , 3112
32480 , True , 3243
34897 , False , 3263
40445 , True , 3309
26730 , False , 3195
19351 , True , 3133
15235 , False , 3099
28648 , True , 3211
571851 , False , 7737
111440 , True , 3901
20417 , True , 3142
6718 , True , 3028
30837 , False , 3229
122931 , True , 3996
16215 , False , 3107
12051 , True , 3072
32915 , True , 3246
40485 , True , 3309
12338 , False , 3075
20776 , True , 3145
17409 , False , 3117
17910 , False , 3121
34172 , True , 3257
40309 , True , 3308
9051 , True , 3047
40644 , False , 3311
20569 , False , 3143
23848 , True , 3171
22909 , False , 3163
32708 , False , 3245
66864 , False , 3529
11072 , False , 3064
91588 , False , 3735
32747 , True , 3245
33233 , True , 3249
13309 , True , 3083
9679 , True , 3053
37181 , False , 3282
31076 , True , 3231
23084 , True , 3164
23402 , True , 3167
14822 , True , 3096
13564 , False , 3085
29961 , False , 3222
14527 , False , 3093
17186 , False , 3115
28210 , True , 3207
13715 , True , 3086
9711 , True , 3053
26204 , False , 3190
17504 , False , 3118
21938 , True , 3155
106664 , False , 3861
18394 , True , 3125
16875 , True , 3113
19637 , True , 3136
6838 , True , 3029
16238 , True , 3107
39362 , False , 3300
26976 , True , 3197
18348 , True , 3125
19176 , True , 3132
38455 , True , 3293
19852 , True , 3138
64293 , False , 3508
17217 , False , 3116
28475 , True , 3209
68854 , False , 3546
19080 , True , 3131
40049 , True , 3306
8239 , True , 3041
43820 , False , 3337
31434 , False , 3234
14750 , False , 3095
14002 , False , 3089
38988 , False , 3297
17623 , True , 3119
31840 , True , 3237
30972 , False , 3230
31211 , True , 3232
10260 , False , 3058
15920 , True , 3105
19733 , False , 3137
21277 , True , 3149
29253 , False , 3216
21603 , False , 3152
9003 , False , 3047
11017 , False , 3064
4649 , True , 3011
34578 , False , 3260
17767 , True , 3120
10746 , True , 3062
20378 , False , 3142
11821 , False , 3071
311402 , False , 5567
128006 , False , 4039
10372 , True , 3059
20823 , False , 3146
51215 , True , 3399
35199 , True , 3265
22503 , True , 3160
24338 , True , 3175
40086 , True , 3306
82784 , False , 3662
18205 , False , 3124
39402 , False , 3300
20075 , True , 3139
25751 , False , 3187
30726 , False , 3228
37054 , False , 3281
19048 , True , 3131
23315 , False , 3166
27223 , True , 3199
181 , True , 2974
11072 , True , 3064
1582704 , False , 16161
4466 , True , 3009
32891 , True , 3246
22288 , False , 3158
31649 , True , 3236
19303 , False , 3133
15824 , True , 3104
24875 , True , 3179
24803 , True , 3179
15021 , False , 3097
14678 , False , 3094
12927 , False , 3080
17050 , True , 3114
8671 , True , 3044
22988 , False , 3164
19319 , True , 3133
27000 , True , 3197
9719 , True , 3053
11558 , True , 3068
21739 , False , 3153
43780 , False , 3337
20577 , False , 3144
24055 , True , 3173
18411 , False , 3125
18547 , False , 3127
12386 , False , 3075
23084 , False , 3164
35446 , False , 3267
28186 , False , 3207
20107 , False , 3140
28083 , False , 3206
8573 , False , 3044
18316 , True , 3125
21540 , False , 3152
13285 , True , 3083
25727 , True , 3186
13620 , True , 3086
18157 , True , 3123
11813 , True , 3071
21070 , True , 3148
42053 , False , 3323
16915 , True , 3113
14551 , True , 3093
68904 , False , 3546
16000 , True , 3105
17886 , True , 3121
234436 , False , 4926
42355 , True , 3325
18141 , True , 3123
5755 , False , 3020
25242 , True , 3182
24732 , True , 3178
32341 , True , 3242
25631 , False , 3186
13906 , True , 3088
21062 , True , 3148
25679 , False , 3186
21993 , True , 3155
20298 , False , 3141
819328 , False , 9800
16533 , True , 3110
37858 , True , 3288
40485 , False , 3309
10077 , False , 3056
25743 , True , 3187
34602 , True , 3260
29810 , False , 3220
23068 , False , 3164
23402 , True , 3167
38558 , True , 3293
14814 , False , 3096
29691 , False , 3219
21197 , True , 3149
21834 , False , 3154
14782 , True , 3095
27406 , False , 3200
6209 , False , 3024
14455 , True , 3093
7419 , False , 3034
726073 , False , 9023
27088 , False , 3198
27542 , False , 3202
7859 , True , 3038
1083 , True , 2981
125280 , False , 4016
13142 , True , 3082
52687 , False , 3411
21086 , False , 3148
11168 , False , 3065
15506 , True , 3101
22606 , True , 3160
16700 , False , 3111
33352 , False , 3250
16016 , True , 3106
18252 , True , 3124
39617 , True , 3302
20481 , True , 3143
227070 , False , 4864
23148 , True , 3165
21922 , True , 3155
25392 , True , 3184
11247 , True , 3066
45324 , False , 3350
28696 , False , 3211
32079 , True , 3239
20545 , False , 3143
15235 , True , 3099
20959 , False , 3147
25074 , True , 3181
22073 , True , 3156
44727 , True , 3345
17886 , False , 3121
32899 , True , 3246
81829 , False , 3654
27183 , True , 3199
8867 , True , 3046
28338 , True , 3208
547607 , False , 7535
18610 , True , 3127
81892 , True , 3655
2149 , True , 2990
22551 , True , 3160
3240 , True , 2999
24549 , True , 3177
16620 , True , 3111
17194 , True , 3115
13938 , True , 3088
15315 , True , 3100
18125 , True , 3123
5484 , False , 3018
27215 , True , 3199
14989 , False , 3097
15339 , True , 3100
20163 , True , 3140
21476 , False , 3151
31211 , False , 3232
19478 , False , 3134
16740 , False , 3112
21293 , False , 3150
30885 , True , 3229
26666 , False , 3194
45250 , False , 3349
18372 , True , 3125
2465 , True , 2993
51780 , False , 3404
48986 , False , 3380
21731 , False , 3153
12314 , True , 3075
29142 , True , 3215
16907 , True , 3113
36274 , True , 3274
22957 , False , 3163
15745 , False , 3103
36226 , True , 3274
20919 , False , 3146
15506 , True , 3101
188790 , False , 4545
266829 , False , 5196
53412 , True , 3417
21404 , False , 3150
14869 , True , 3096
9711 , True , 3053
22121 , True , 3156
15148 , True , 3098
18626 , True , 3127
12290 , True , 3074
31824 , False , 3237
20250 , True , 3141
34363 , False , 3258
17345 , True , 3117
8589 , True , 3044
20306 , True , 3141
8223 , True , 3041
30845 , True , 3229
11263 , True , 3066
17950 , True , 3122
2054 , False , 2989
24238 , True , 3174
19112 , True , 3131
12887 , True , 3079
12362 , True , 3075
15434 , True , 3101
14766 , True , 3095
27366 , False , 3200
10412 , True , 3059
40485 , True , 3309
20155 , True , 3140
9297 , True , 3050
843668 , False , 10003
10221 , False , 3057
14869 , True , 3096
12179 , True , 3074
12481 , False , 3076
30694 , True , 3228
19510 , True , 3135
71743 , False , 3570
28616 , False , 3211
12808 , True , 3079
9791 , True , 3054
55744 , True , 3437
14750 , False , 3095
18802 , False , 3129
144826 , False , 4179
23052 , False , 3164
13834 , False , 3087
14201 , True , 3090
12633 , False , 3077
14304 , False , 3091
42562 , True , 3327
68559 , False , 3543
284664 , False , 5344
391500 , False , 6235
16867 , False , 3113
11741 , True , 3070
22336 , True , 3158
22853 , True , 3163
17528 , True , 3118
86724 , True , 3695
31848 , False , 3237
12386 , False , 3075
52990 , False , 3414
14328 , True , 3091
34268 , True , 3258
23880 , True , 3171
8016 , False , 3039
20728 , True , 3145
12195 , False , 3074
24175 , False , 3174
39643 , True , 3302
22129 , False , 3156
21492 , True , 3151
17560 , False , 3118
979 , False , 2980
17401 , True , 3117
11120 , False , 3065
9687 , True , 3053
11948 , False , 3072
36950 , False , 3280
15769 , False , 3103
16230 , False , 3107
11638 , True , 3069
16493 , False , 3110
30168 , False , 3223
22360 , True , 3158
21158 , True , 3148
10547 , True , 3060
15307 , True , 3100
29205 , True , 3215
17584 , False , 3119
12274 , True , 3074
18165 , True , 3123
14217 , True , 3091
8756 , True , 3045
15399 , True , 3100
17536 , False , 3118
20744 , True , 3145
19096 , False , 3131
23371 , True , 3167
9799 , True , 3054
23426 , True , 3167
25472 , True , 3184
17862 , False , 3121
70995 , False , 3564
25973 , False , 3189
132924 , False , 4080
13643 , False , 3086
24867 , True , 3179
645755 , False , 8353
15124 , True , 3098
14320 , True , 3091
54948 , False , 3430
43430 , False , 3334
22121 , True , 3156
37858 , True , 3288
14575 , True , 3094
89868 , False , 3721
43717 , True , 3336
16597 , True , 3110
31436 , False , 3234
27510 , False , 3201
10245 , False , 3057
8016 , True , 3039
8016 , True , 3039
20887 , True , 3146
126730 , False , 4028
20632 , True , 3144
1926 , True , 2988
36624 , True , 3277
32413 , True , 3242
191197 , False , 4565
24692 , True , 3178
40827 , False , 3312
31824 , False , 3237
13405 , True , 3084
12242 , True , 3074
14567 , True , 3093
14145 , False , 3090
11598 , True , 3069
27804 , False , 3204
18220 , True , 3124
17217 , True , 3116
53157 , False , 3415
19797 , False , 3137
43302 , False , 3333
17647 , True , 3119
32835 , False , 3246
28624 , True , 3211
30941 , False , 3230
26905 , True , 3196
35510 , False , 3268
65081 , False , 3514
17122 , True , 3115
32517 , True , 3243
21595 , True , 3152
22065 , True , 3156
26690 , True , 3194
20672 , True , 3144
3662 , True , 3003
19255 , False , 3133
13516 , False , 3085
17544 , True , 3118
17034 , True , 3114
18794 , True , 3129
21683 , True , 3153
14989 , True , 3097
18849 , True , 3129
27144 , True , 3198
11224 , False , 3066
19980 , True , 3139
14814 , False , 3096
31290 , False , 3233
25496 , True , 3185
11661 , True , 3069
45515 , False , 3351
18579 , False , 3127
37547 , True , 3285
23665 , True , 3169
17050 , True , 3114
44528 , True , 3343
1173920 , False , 12755
21054 , False , 3148
29874 , True , 3221
16374 , False , 3109
14662 , False , 3094
10985 , True , 3064
45240 , True , 3349
18173 , True , 3124
14455 , True , 3093
43302 , True , 3333
47426 , False , 3367
3956 , True , 3005
17631 , True , 3119
16382 , True , 3109
13237 , True , 3082
14933 , True , 3097
31088 , False , 3231
11892 , False , 3071
20346 , True , 3142
27327 , False , 3200
26053 , True , 3189
56110 , False , 3440
259894 , False , 5138
27749 , True , 3203
53412 , True , 3417
14153 , True , 3090
14121 , True , 3090
39840 , False , 3304
15570 , False , 3102
40811 , False , 3312
30980 , True , 3230
13986 , True , 3089
23124 , True , 3165
24063 , True , 3173
26570 , True , 3193
21213 , False , 3149
18236 , True , 3124
12967 , True , 3080
15920 , False , 3105
12187 , True , 3074
51354 , False , 3400
12250 , True , 3074
19016 , True , 3131
35820 , True , 3271
28067 , True , 3206
24676 , True , 3178
22941 , True , 3163
39100 , True , 3298
51716 , True , 3403
17273 , True , 3116
9751 , False , 3053
1450 , False , 2984
35669 , True , 3269
17687 , False , 3119
15570 , True , 3102
947797 , False , 10870
12577 , False , 3077
19128 , True , 3131
1048379 , False , 11709
18857 , False , 3129
9966 , False , 3055
25520 , False , 3185
17743 , False , 3120
11224 , True , 3066
16453 , True , 3109
23164 , True , 3165
43995 , True , 3339
23418 , True , 3167
28505 , False , 3210
55083 , False , 3431
26443 , True , 3192
38105 , True , 3290
5970 , False , 3022
14710 , True , 3095
28354 , False , 3208
152772 , True , 4245
16103 , True , 3106
10842 , False , 3062
11566 , True , 3068
11558 , True , 3068
145270 , False , 4183
14726 , False , 3095
14678 , False , 3094
17003 , True , 3114
15291 , True , 3099
34228 , True , 3257
7347 , True , 3033
28775 , True , 3212
29898 , True , 3221
15235 , False , 3099
23004 , False , 3164
42753 , True , 3328
25862 , True , 3188
43716 , True , 3336
15395 , True , 3100
13946 , True , 3088
16111 , True , 3106
16804 , True , 3112
15387 , False , 3100
18006 , False , 3122
28131 , False , 3206
10467 , True , 3059
20218 , True , 3141
13524 , True , 3085
13580 , True , 3085
20242 , False , 3141
9783 , True , 3054
16326 , False , 3108
49416 , False , 3384
14400 , True , 3092
10268 , False , 3058
21818 , True , 3154
16453 , True , 3109
69690 , False , 3553
14424 , True , 3092
15291 , True , 3099
23394 , True , 3167
15562 , True , 3102
30152 , False , 3223
40851 , True , 3312
30694 , False , 3228
16215 , True , 3107
19820 , True , 3137
17592 , False , 3119
13930 , False , 3088
11948 , True , 3072
48986 , False , 3380
24374 , True , 3175
30853 , True , 3229
4243 , True , 3007
20895 , False , 3146
18205 , False , 3124
8485 , True , 3043
27693 , False , 3203
17417 , True , 3117
1616141 , False , 16440
30781 , False , 3229
25408 , True , 3184
21779 , False , 3154
19550 , False , 3135
38566 , True , 3293
23912 , True , 3171
14089 , True , 3089
23259 , False , 3166
27462 , True , 3201
17910 , True , 3121
28369 , True , 3208
14408 , True , 3092
15641 , True , 3102
31363 , True , 3233
13540 , False , 3085
23140 , False , 3165
40914 , True , 3313
34403 , False , 3259
11160 , True , 3065
30248 , False , 3224
18682 , True , 3128
16294 , False , 3108
50848 , False , 3396
56763 , False , 3445
18865 , False , 3129
29420 , True , 3217
11128 , True , 3065
10324 , False , 3058
20003 , False , 3139
24071 , True , 3173
0 , True , 2972
14710 , False , 3095
39840 , True , 3304
11860 , True , 3071
16525 , False , 3110
14161 , True , 3090
20242 , False , 3141
31251 , False , 3232
8239 , True , 3041
18857 , True , 3129
16636 , False , 3111
14073 , False , 3089
37810 , True , 3287
72356 , False , 3575
14559 , True , 3093
22097 , False , 3156
24891 , False , 3179
17003 , True , 3114
44178 , True , 3340
23116 , True , 3165
13046 , True , 3081
25145 , True , 3182
18181 , True , 3124
9154 , True , 3048
28592 , True , 3210
348580 , False , 5877
565 , True , 2977
17401 , True , 3117
26141 , True , 3190
34921 , True , 3263
12386 , True , 3075
8461 , True , 3043
20855 , True , 3146
22352 , True , 3158
33671 , False , 3253
27669 , True , 3203
17974 , True , 3122
17631 , False , 3119
73399 , False , 3584
19375 , True , 3134
22169 , False , 3157
15124 , False , 3098
24628 , True , 3177
28927 , False , 3213
29691 , False , 3219
13779 , False , 3087
21118 , False , 3148
22670 , False , 3161
9751 , True , 3053
18045 , False , 3122
14487 , True , 3093
51525 , False , 3401
15904 , True , 3105
11661 , False , 3069
38709 , False , 3295
22328 , False , 3158
18181 , True , 3124
16907 , True , 3113
31920 , False , 3238
17018 , False , 3114
17202 , True , 3115
12633 , True , 3077
15649 , True , 3102
14519 , True , 3093
24724 , True , 3178
32278 , False , 3241
995106 , False , 11265
17512 , False , 3118
23681 , True , 3169
19048 , True , 3131
19677 , False , 3136
17488 , True , 3118
26220 , True , 3191
11033 , True , 3064
13190 , False , 3082
11446 , True , 3067
20680 , False , 3144
20760 , False , 3145
30885 , False , 3229
18149 , True , 3123
22200 , True , 3157
20887 , True , 3146
7769 , False , 3037
15785 , True , 3104
47415 , False , 3367
13548 , False , 3085
5500 , True , 3018
15434 , True , 3101
18754 , True , 3128
12242 , True , 3074
12832 , True , 3079
52035 , False , 3406
35581 , False , 3269
33344 , True , 3250
27374 , True , 3200
18252 , True , 3124
28338 , True , 3208
38200 , False , 3290
6567 , True , 3027
23952 , True , 3172
14837 , False , 3096
29731 , True , 3220
17186 , False , 3115
17210 , False , 3115
27629 , True , 3202
19128 , False , 3131
28409 , True , 3209
18690 , True , 3128
18993 , True , 3130
23681 , False , 3169
21134 , True , 3148
8398 , True , 3042
15100 , True , 3098
19550 , False , 3135
12211 , True , 3074
14201 , False , 3090
26188 , True , 3190
13906 , True , 3088
28903 , True , 3213
11097 , True , 3065
29587 , True , 3219
22495 , True , 3160
14002 , True , 3089
32596 , False , 3244
23402 , False , 3167
19812 , True , 3137
14742 , True , 3095
24628 , False , 3177
37205 , False , 3282
47163 , False , 3365
8040 , False , 3039
16939 , False , 3113
21818 , False , 3154
25472 , True , 3184
13723 , True , 3086
21818 , True , 3154
35104 , False , 3265
29500 , True , 3218
19717 , False , 3136
12211 , True , 3074
40421 , False , 3309
18579 , True , 3127
13651 , True , 3086
19550 , False , 3135
29850 , True , 3221
18698 , False , 3128
22161 , True , 3157
17313 , True , 3116
17290 , True , 3116
30590 , True , 3227
29595 , False , 3219
53491 , False , 3418
23395 , True , 3167
25814 , False , 3187
60217 , True , 3474
83580 , False , 3669
20202 , False , 3140
17822 , True , 3121
10857 , False , 3063
35693 , False , 3270
14455 , True , 3093
30407 , True , 3225
32588 , True , 3244
19924 , True , 3138
59087 , False , 3464
15021 , True , 3097
29579 , True , 3219
13667 , False , 3086
19789 , True , 3137
23076 , True , 3164
3518 , True , 3001
79600 , False , 3635
32604 , True , 3244
14766 , True , 3095
28783 , False , 3212
12036 , False , 3072
38208 , True , 3290
22105 , True , 3156
11339 , False , 3067
28951 , False , 3213
1631047 , False , 16564
20210 , True , 3140
22129 , False , 3156
8525 , True , 3043
28537 , False , 3210
15315 , False , 3100
740950 , False , 9147
7936 , True , 3038
11837 , True , 3071
15013 , False , 3097
8724 , True , 3045
24206 , True , 3174
18252 , False , 3124
131611 , False , 4069
17210 , True , 3115
34873 , True , 3263
52138 , True , 3407
27263 , True , 3199
43780 , False , 3337
15450 , True , 3101
107323 , False , 3866
18802 , True , 3129
40437 , False , 3309
17631 , True , 3119
128006 , False , 4039
16230 , True , 3107
8016 , False , 3039
13588 , True , 3085
15148 , True , 3098
131611 , False , 4069
47760 , False , 3370
12561 , True , 3077
3033 , True , 2997
50578 , False , 3394
31402 , True , 3234
31713 , True , 3236
29452 , False , 3218
23084 , True , 3164
24732 , True , 3178
13659 , True , 3086
27478 , True , 3201
15021 , True , 3097
23904 , False , 3171
38869 , False , 3296
16732 , False , 3112
22734 , False , 3162
57392 , False , 3450
29914 , True , 3221
15920 , True , 3105
21006 , True , 3147
18722 , False , 3128
12927 , False , 3080
23960 , True , 3172
20768 , True , 3145
27948 , True , 3205
29137 , True , 3215
19231 , True , 3132
35724 , False , 3270
13970 , True , 3088
8030 , True , 3039
14137 , True , 3090
40079 , True , 3306
14623 , True , 3094
6342 , True , 3025
17512 , True , 3118
277646 , False , 5286
15235 , True , 3099
8995 , True , 3047
50960 , True , 3397
27247 , False , 3199
32477 , False , 3243
13938 , True , 3088
9425 , True , 3051
20449 , False , 3142
23777 , False , 3170
21651 , True , 3152
4378 , False , 3009
1769 , True , 2987
31967 , True , 3238
33830 , False , 3254
15212 , True , 3099
33464 , True , 3251
28759 , True , 3212
6641 , False , 3027
32517 , True , 3243
44648 , True , 3344
20911 , False , 3146
12800 , False , 3079
2388 , True , 2992
13508 , True , 3085
38415 , False , 3292
13206 , False , 3082
166213 , False , 4357
30041 , False , 3222
25162 , True , 3182
16031 , False , 3106
20608 , True , 3144
23482 , True , 3168
10061 , True , 3056
20202 , False , 3140
13548 , True , 3085
127376 , False , 4034
14607 , True , 3094
15785 , True , 3104
12211 , True , 3074
11821 , True , 3071
17584 , False , 3119
21802 , True , 3154
28656 , True , 3211
29595 , True , 3219
2206233 , False , 21357
21333 , False , 3150
20776 , False , 3145
27260 , False , 3199
59875 , True , 3471
30121 , False , 3223
13882 , True , 3088
21452 , True , 3151
20099 , False , 3140
109466 , True , 3884
23203 , True , 3165
14635 , True , 3094
27852 , False , 3204
140964 , False , 4147
18674 , False , 3128
31784 , True , 3237
43931 , True , 3338
31673 , False , 3236
20505 , True , 3143
12951 , True , 3080
47354 , True , 3367
31983 , True , 3239
22137 , True , 3157
20823 , False , 3146
31346 , False , 3233
23721 , False , 3170
18085 , True , 3123
15976 , True , 3105
17902 , False , 3121
28951 , True , 3213
33464 , True , 3251
21030 , True , 3147
20298 , True , 3141
690200 , False , 8724
11136 , True , 3065
9775 , True , 3054
108909 , False , 3880
29850 , False , 3221
2969 , True , 2997
38877 , False , 3296
60175 , False , 3474
14209 , True , 3090
12370 , False , 3075
23617 , True , 3169
64357 , False , 3508
7419 , False , 3034
22105 , True , 3156
10666 , False , 3061
15307 , False , 3100
12640 , False , 3077
10810 , False , 3062
11303 , False , 3066
27390 , False , 3200
20377 , True , 3142
17464 , True , 3118
24047 , True , 3172
14296 , True , 3091
15641 , False , 3102
16023 , True , 3106
17990 , False , 3122
30248 , True , 3224
64874 , False , 3513
10444 , False , 3059
38694 , True , 3295
7005 , True , 3030
87098 , False , 3698
40628 , False , 3311
26833 , False , 3196
24159 , False , 3173
20330 , True , 3141
17615 , False , 3119
18157 , True , 3123
86517 , False , 3693
23784 , False , 3170
20282 , False , 3141
21293 , False , 3150
11932 , False , 3072
18157 , True , 3123
20441 , True , 3142
18786 , False , 3129
44417 , True , 3342
17162 , True , 3115
11271 , False , 3066
16111 , True , 3106
52592 , True , 3410
7474 , False , 3034
30797 , True , 3229
26292 , True , 3191
31323 , False , 3233
12314 , False , 3075
15570 , False , 3102
59883 , False , 3471
11247 , False , 3066
30320 , True , 3225
16613 , False , 3111
15729 , True , 3103
20497 , False , 3143
15411 , True , 3100
23012 , True , 3164
16987 , False , 3114
28027 , True , 3206
42331 , False , 3325
37515 , True , 3285
20298 , False , 3141
11080 , False , 3064
16366 , True , 3108
33400 , True , 3250
22208 , True , 3157
45229 , False , 3349
6066 , True , 3023
15649 , False , 3102
18961 , True , 3130
85339 , True , 3683
33464 , True , 3251
20115 , True , 3140
12633 , True , 3077
28815 , True , 3212
119201 , False , 3965
7180 , True , 3032
13452 , False , 3084
31307 , False , 3233
22360 , True , 3158
31124 , False , 3231
166213 , False , 4357
68599 , False , 3544
37587 , True , 3285
10101 , True , 3056
13890 , True , 3088
14217 , True , 3091
95520 , True , 3768
16756 , False , 3112
26658 , True , 3194
11892 , True , 3071
18595 , True , 3127
9831 , True , 3054
16573 , True , 3110
24127 , True , 3173
25400 , True , 3184
15538 , False , 3102
59119 , False , 3465
12314 , False , 3075
14551 , True , 3093
10698 , True , 3061
12410 , True , 3075
20967 , True , 3147
11892 , True , 3071
11104 , True , 3065
20776 , True , 3145
26188 , True , 3190
18037 , True , 3122
15124 , True , 3098
14933 , False , 3097
39067 , True , 3298
11407 , True , 3067
20386 , True , 3142
18069 , True , 3123
14806 , True , 3095
44759 , False , 3345
17934 , True , 3122
20537 , True , 3143
16334 , True , 3108
13842 , False , 3087
22439 , False , 3159
16071 , False , 3106
10475 , True , 3059
7061 , True , 3031
10865 , False , 3063
22312 , False , 3158
39633 , False , 3302
32039 , True , 3239
14304 , True , 3091
23235 , False , 3166
18499 , False , 3126
13373 , True , 3084
19343 , True , 3133
18730 , False , 3128
23140 , True , 3165
30893 , False , 3230
14925 , False , 3096
31657 , True , 3236
24326 , False , 3175
40930 , False , 3313
29030 , True , 3214
19255 , True , 3133
21508 , True , 3151
17894 , True , 3121
11399 , True , 3067
27860 , True , 3204
31760 , True , 3237
18849 , True , 3129
36775 , False , 3279
21046 , True , 3147
34347 , True , 3258
21404 , False , 3150
33782 , True , 3254
13612 , True , 3086
23880 , True , 3171
16230 , False , 3107
11263 , True , 3066
39848 , True , 3304
13190 , True , 3082
11574 , False , 3069
29341 , True , 3217
52464 , True , 3409
10690 , True , 3061
19327 , True , 3133
38534 , True , 3293
12489 , True , 3076
49050 , False , 3381
13150 , False , 3082
10857 , False , 3063
16270 , False , 3108
10324 , True , 3058
25583 , False , 3185
11351 , False , 3067
26216 , True , 3191
17265 , True , 3116
24748 , False , 3178
15220 , False , 3099
49766 , True , 3387
13261 , True , 3083
13357 , True , 3083
41631 , False , 3319
14933 , False , 3097
51954 , False , 3405
31506 , True , 3235
25488 , True , 3184
18905 , False , 3130
24915 , True , 3180
16708 , True , 3111
26905 , False , 3196
24039 , False , 3172
15156 , False , 3098
27860 , True , 3204
23020 , True , 3164
1189 , True , 2982
12386 , False , 3075
37810 , True , 3287
28935 , True , 3213
27478 , True , 3201
12497 , False , 3076
20250 , True , 3141
29826 , False , 3221
19367 , True , 3133
12043 , False , 3072
12776 , False , 3079
639972 , False , 8305
14623 , False , 3094
15570 , True , 3102
10372 , True , 3059
10006 , False , 3055
37245 , True , 3282
8111 , True , 3040
31052 , True , 3231
211700 , False , 4736
98136 , True , 3790
3597 , False , 3002
12561 , True , 3077
20943 , True , 3147
129079 , False , 4048
12242 , True , 3074
16254 , True , 3108
15124 , True , 3098
9106 , True , 3048
25170 , False , 3182
19964 , True , 3138
23132 , True , 3165
23880 , False , 3171
16326 , True , 3108
13803 , False , 3087
15832 , True , 3104
55123 , False , 3431
18539 , True , 3127
29388 , False , 3217
30813 , True , 3229
27772 , False , 3204
7307 , False , 3033
565 , True , 2977
18189 , True , 3124
32461 , True , 3243
17966 , True , 3122
35143 , False , 3265
10085 , True , 3056
17082 , False , 3114
28449 , True , 3209
13556 , False , 3085
20386 , False , 3142
23928 , False , 3171
17114 , True , 3115
38598 , False , 3294
93132 , False , 3748
36823 , False , 3279
910724 , False , 10561
28194 , False , 3207
18754 , True , 3128
35828 , True , 3271
31044 , True , 3231
14312 , False , 3091
8030 , True , 3039
32954 , True , 3247
16175 , True , 3107
38144 , True , 3290
13468 , False , 3084
18316 , True , 3125
19685 , True , 3136
13858 , True , 3088
10475 , False , 3059
8589 , True , 3044
11263 , True , 3066
13373 , False , 3084
24358 , True , 3175
38415 , False , 3292
97730 , False , 3786
26515 , True , 3193
34443 , False , 3259
22845 , True , 3162
28672 , True , 3211
23116 , True , 3165
31943 , True , 3238
18698 , True , 3128
13811 , True , 3087
11622 , True , 3069
24262 , False , 3174
17162 , False , 3115
28576 , True , 3210
27406 , True , 3200
110803 , False , 3895
29309 , True , 3216
24628 , True , 3177
15140 , True , 3098
20171 , True , 3140
17655 , True , 3119
40851 , True , 3312
22113 , True , 3156
358411 , False , 5959
19016 , True , 3131
40206 , False , 3307
30682 , True , 3228
12839 , True , 3079
35876 , True , 3271
19478 , True , 3134
24971 , True , 3180
26117 , False , 3190
31705 , False , 3236
31147 , True , 3232
7419 , True , 3034
29054 , False , 3214
16390 , True , 3109
27693 , False , 3203
23132 , True , 3165
17488 , True , 3118
18571 , False , 3127
14702 , False , 3095
24119 , True , 3173
32875 , False , 3246
12457 , True , 3076
11056 , True , 3064
40931 , True , 3313
95584 , False , 3769
14758 , True , 3095
12808 , True , 3079
18642 , True , 3127
12473 , True , 3076
27486 , True , 3201
20147 , False , 3140
21580 , False , 3152
22567 , True , 3160
12983 , True , 3080
19399 , False , 3134
34626 , False , 3261
7419 , True , 3034
21572 , False , 3152
18189 , True , 3124
10873 , True , 3063
23936 , False , 3172
16000 , True , 3105
23180 , True , 3165
28736 , True , 3212
3104 , False , 2998
22288 , True , 3158
40851 , False , 3312
27510 , True , 3201
20346 , False , 3142
13675 , True , 3086
16875 , True , 3113
14113 , True , 3090
16804 , False , 3112
23044 , True , 3164
29221 , False , 3216
25417 , True , 3184
74028 , True , 3589
15896 , False , 3105
10388 , True , 3059
25225 , True , 3182
23227 , False , 3166
21490 , True , 3151
20059 , False , 3139
23251 , False , 3166
29102 , False , 3215
32150 , True , 3240
28130 , False , 3206
3820800 , False , 34812
31808 , False , 3237
22821 , True , 3162
22519 , False , 3160
25984 , True , 3189
32724 , True , 3245
51740 , False , 3403
14232 , False , 3091
18889 , False , 3129
15426 , True , 3101
23808 , True , 3170
346472 , False , 5859
20768 , True , 3145
12927 , False , 3080
70223 , False , 3557
18419 , True , 3126
7236 , True , 3032
29221 , True , 3216
274311 , False , 5258
16923 , True , 3113
44122 , False , 3340
12561 , True , 3077
49735 , True , 3387
40294 , True , 3308
35844 , False , 3271
10842 , False , 3062
17735 , False , 3120
9743 , True , 3053
18778 , True , 3129
19462 , False , 3134
30797 , True , 3229
20298 , False , 3141
28624 , True , 3211
25958 , True , 3188
54520 , True , 3426
19128 , False , 3131
13341 , True , 3083
32851 , True , 3246
19677 , True , 3136
10348 , False , 3058
13468 , True , 3084
18706 , True , 3128
42188 , True , 3324
10364 , True , 3058
20067 , True , 3139
16199 , True , 3107
49272 , True , 3383
33233 , True , 3249
43883 , True , 3338
21261 , True , 3149
24238 , False , 3174
7108 , True , 3031
16031 , False , 3106
20656 , True , 3144
33034 , False , 3247
31840 , False , 3237
12067 , True , 3073
17401 , True , 3117
16843 , True , 3112
17608 , True , 3119
13914 , True , 3088
14455 , False , 3093
31234 , True , 3232
27287 , True , 3199
16541 , False , 3110
22590 , True , 3160
29102 , True , 3215
32206 , True , 3240
37993 , False , 3289
89757 , False , 3720
12625 , True , 3077
12792 , True , 3079
4521 , False , 3010
21190 , True , 3149
10563 , False , 3060
10921 , True , 3063
27749 , False , 3203
19613 , True , 3136
20951 , False , 3147
32692 , True , 3245
8859 , False , 3046
25822 , True , 3187
27128 , True , 3198
10977 , True , 3064
18953 , False , 3130
13134 , True , 3082
18332 , True , 3125
16581 , True , 3110
18563 , True , 3127
16533 , True , 3110
14694 , False , 3095
41153 , True , 3315
39919 , False , 3305
29961 , True , 3222
14455 , True , 3093
13699 , True , 3086
24517 , True , 3176
23187 , False , 3165
28943 , False , 3213
7841 , True , 3037
17082 , False , 3114
33177 , False , 3249
4179 , False , 3007
16406 , False , 3109
29436 , False , 3217
17178 , True , 3115
17536 , True , 3118
63760 , False , 3503
39633 , True , 3302
20202 , False , 3140
19128 , True , 3131
24660 , False , 3178
23243 , True , 3166
13349 , False , 3083
17194 , True , 3115
49065 , False , 3381
13094 , True , 3081
28720 , True , 3211
32071 , True , 3239
31975 , True , 3239
13190 , False , 3082
23092 , True , 3165
27979 , True , 3205
21739 , False , 3153
29356 , True , 3217
15307 , True , 3100
11065 , True , 3064
21739 , False , 3153
42753 , True , 3328
25575 , True , 3185
9361 , False , 3050
37324 , False , 3283
26642 , True , 3194
11661 , True , 3069
24445 , True , 3176
578057 , False , 7789
23888 , True , 3171
7976 , True , 3039
12640 , False , 3077
36218 , False , 3274
128673 , False , 4044
16660 , False , 3111
58944 , True , 3463
16692 , False , 3111
15618 , False , 3102
