Boolean,Address
 True ,1850 FOLSOM ST UNIT 1009 Boulder CO
 True ,2615 6TH ST Boulder CO
 True ,4141 SAINT CROIX ST Boulder CO
 True ,2900 DARTMOUTH AVE Boulder CO
 True ,3130 ENDICOTT DR Boulder CO
 True ,4894 CURIE COURT Boulder CO
 True ,4916 COUNTRY CLUB WAY Boulder CO
 True ,5991 SOUTH VALE RD Boulder CO
 True ,1553 STANLEY DRIVE Boulder CO
 True ,16152 BEACH BLVD STE 100 Boulder CO
 True ,230 5TH ST Boulder CO
 True ,240 S 38TH ST Boulder CO
 True ,2962 SHADOW CREEK DR UNIT 209 Boulder CO
 True ,324 CONRAD DR Boulder CO
 True ,3480 DARTMOUTH AVE Boulder CO
 True ,4620 GREYLOCK ST Boulder CO
 True ,470 S 39TH ST Boulder CO
 True ,4754 HAMPSHIRE ST Boulder CO
 True ,4794 ESSEX CIR Boulder CO
 True ,695 MANHATTAN DR UNIT 104 Boulder CO
 True ,6968 S BOULDER RD Boulder CO
 True ,7448 CRANNELL DR Boulder CO
 True ,7695 CANTERBURY CT Boulder CO
 True ,825 MOHAWK DR Boulder CO
 True ,P O BOX 3305 Boulder CO
 True ,17902 W 59TH AVE Boulder CO
 True ,4394 GRANDVIEW BLVD Boulder CO
 True ,1042 8TH ST Boulder CO
 True ,1065 MAPLETON AVE Boulder CO
 True ,1140 US 287 #400-290 Boulder CO
 True ,1365 S FOOTHILLS HWY Boulder CO
 True ,14624 FENTON ST Boulder CO
 True ,1521 MAPLETON AV Boulder CO
 True ,2205 WARWICK WAY STE 200 Boulder CO
 True ,2291 ARAPAHOE AVE Boulder CO
 True ,2371 LINDEN DR Boulder CO
 True ,2585 KOHLER DR Boulder CO
 True ,275 BROOKSIDE CT Boulder CO
 True ,2850 JUILLIARD ST Boulder CO
 True ,3040 5TH ST Boulder CO
 True ,3305 4TH ST Boulder CO
 True ,3750 LAKEBRIAR DR Boulder CO
 True ,3785 ORANGE LN Boulder CO
 True ,3940 NEWPORT LN Boulder CO
 True ,4165 N 57TH ST Boulder CO
 True ,4350 SUNSHINE CANYON DR Boulder CO
 True ,441 ORD DR Boulder CO
 True ,510 NORTH STAR CT Boulder CO
 True ,580 PLEASANT ST Boulder CO
 True ,644 LEFTHAND CANYON DR Boulder CO
 True ,8080 KINCROSS DR Boulder CO
 True ,8109 WILLOW BEND CT Boulder CO
 True ,832 ITHACA DR Boulder CO
 True ,905 13TH ST Boulder CO
 True ,BIRKS & KATHY LOU ROWLEN Boulder CO
 True ,PO BOX 19677 Boulder CO
 True ,PO BOX 2245 Boulder CO
 True ,P O BOX 4655 Boulder CO
 True ,PO BOX 7398 Boulder CO
 True ,2318 DENNISON LN Boulder CO
 True ,2510 PINE ST UNIT B Boulder CO
 True ,2810 REGIS DR Boulder CO
 True ,3770 N 26TH ST Boulder CO
 True ,4076 ST LUCIA ST Boulder CO
 True ,4146 LONETREE CT Boulder CO
 True ,4790 HANCOCK DR Boulder CO
 True ,513 PLEASANT ST Boulder CO
 True ,5164 GALLATIN PL Boulder CO
 True ,5513 FRIENDS PL Boulder CO
 True ,5515 STONEWALL PL Boulder CO
 True ,7236 SPRING CT Boulder CO
 True ,SALLY N BATES SHANKMAN Boulder CO
 True ,1179 CRESTMOOR DR Boulder CO
 True ,1441 SNOWMASS CT Boulder CO
 True ,1448 WICKLOW ST Boulder CO
 True ,1481 KILKENNY ST Boulder CO
 True ,1763 CLARK DR Boulder CO
 True ,1820 GORDON DR Boulder CO
 True ,2575 FOREST AVE Boulder CO
 True ,621 DIVIDE VIEW DR Boulder CO
 True ,1075 LINDEN AVE Boulder CO
 True ,212 RIGHT ST UNIT 109 Boulder CO
 True ,2409 N UPTON ST Boulder CO
 True ,2430 GLENWOOD DR Boulder CO
 True ,285 IROQUOIS DR Boulder CO
 True ,3050 BAYLOR DR Boulder CO
 True ,3055 18TH ST Boulder CO
 True ,3790 SMUGGLER PL Boulder CO
 True ,3814 HOGAN CT Boulder CO
 True ,3835 NORTHBROOK DR UNIT 10 Boulder CO
 True ,4610 LUDLOW ST Boulder CO
 True ,5351 MUIRFIELD CT Boulder CO
 True ,717 17TH ST Boulder CO
 True ,COLIN & MICHELLE ANONSEN Boulder CO
 True ,1245 BEREA Boulder CO
 True ,1430 ITHACA DR Boulder CO
 True ,2228 ACKETTS MILL DR Boulder CO
 True ,3222 4TH ST Boulder CO
 True ,3680 CONIFER CT Boulder CO
 True ,4228 AMBER ST Boulder CO
 True ,4399 PARK CT Boulder CO
 True ,4635 GORDON DR Boulder CO
 True ,4642 BURGUNDY LN Boulder CO
 True ,4770 OLD POST CT Boulder CO
 True ,731 IRIS AVE Boulder CO
 True ,949 E 5TH AVE Boulder CO
 True ,NICHOLAS VERNE WANNER Boulder CO
 True ,11133 PINYON DR Boulder CO
 True ,1200 COLLEGE AVE Boulder CO
 True ,1435 LARIMER ST STE 303 Boulder CO
 True ,1487 LODGE CT Boulder CO
 True ,1722 SPRUCE ST Boulder CO
 True ,1938 PEARL ST   STE 200 Boulder CO
 True ,20420 CELTIC ST Boulder CO
 True ,2130 UPLAND AVE Boulder CO
 True ,22 OAKESHOTT AVE Boulder CO
 True ,2450 BROADWAY Boulder CO
 True ,3362 S KIRK CT Boulder CO
 True ,3895 EUREKA DR Boulder CO
 True ,4450 ARAPAHOE AVE STE 100 Boulder CO
 True ,4621 FARMERS RD Boulder CO
 True ,4631 CARTER TR Boulder CO
 True ,4861 CURIE CT Boulder CO
 True ,48 BARLOW PLAIN DR Boulder CO
 True ,4974 DAKOTA BLVD Boulder CO
 True ,5046 W HINSDALE CIRCLE Boulder CO
 True ,5325 GALLATIN PL Boulder CO
 True ,557 S SHERMAN ST APT 1 Boulder CO
 True ,6927 JAY RD Boulder CO
 True ,7204 ISLAND GREEN DR Boulder CO
 True ,8489 DOVE RIDGE WY Boulder CO
 True ,8623 MIDDLE FORK RD Boulder CO
 True ,LAZARINA BRIEGLEB TRUST Boulder CO
 True ,OREN GALCHEN Boulder CO
 True ,PO BOX 40417 Boulder CO
 True ,P O BOX 68 Boulder CO
 True ,1530 KALMIA AV Boulder CO
 True ,1664 EMERSON ST Boulder CO
 True ,2525 ARAPAHOE E4-265 Boulder CO
 True ,3190 EASTWOOD CT Boulder CO
 True ,400 S DIXIE HWY STE 420 Boulder CO
 True ,4813 HOPKINS PL Boulder CO
 True ,632 UNIVERSITY AVE Boulder CO
 True ,4075 57TH ST Boulder CO
 True ,7550 SPRING DR Boulder CO
 True ,1323 BLUEBELL AVE Boulder CO
 True ,1352 TAMARACK AVE Boulder CO
 True ,1415 CONWAY CT Boulder CO
 True ,1749 ALPINE Boulder CO
 True ,1795 ALPINE AVE UNIT 5 Boulder CO
 True ,2140 GODDARD PL Boulder CO
 True ,2400 KALMIA AVE Boulder CO
 True ,2722 WINDING TRAIL PL Boulder CO
 True ,3362 SENTINEL DR Boulder CO
 True ,CINDY MIYAKE Boulder CO
 True ,SCHUSTER Boulder CO
 True ,1125 PORTLAND PL UNIT 3 Boulder CO
 True ,1804 WALLENBERG DR Boulder CO
 True ,2223 NICHOLL ST W Boulder CO
 True ,2673 JUNIPER AVE UNIT 56 Boulder CO
 True ,3612 CIENEGA DR Boulder CO
 True ,3701 ARAPAHOE AVE # 13 Boulder CO
 True ,415 EL PASO BLVD Boulder CO
 True ,4185 PIEDRA CT Boulder CO
 True ,530 MOHAWK DR 74 Boulder CO
 True ,534 HERITAGE DR Boulder CO
 True ,550 MOHAWK DR 51C Boulder CO
 True ,550 MOHAWK DR 56 Boulder CO
 True ,550 MOHAWK DR #57 Boulder CO
 True ,560 MOHAWK DR 32 Boulder CO
 True ,560 MOHAWK DR UNIT 26 Boulder CO
 True ,665 E COOPER AVE Boulder CO
 True ,7376 PARK CIR Boulder CO
 True ,7445 AUGUSTA DR Boulder CO
 True ,PO BOX 1561 Boulder CO
 True ,1422 WESTIN DR Boulder CO
 True ,1485 S COLORADO BLVD STE 300 Boulder CO
 True ,1502 N IVANHOE ST Boulder CO
 True ,1692 MACCULLEN DR Boulder CO
 True ,2259 NICHOLL ST Boulder CO
 True ,2661 SHERWOOD CIR UNIT B1 Boulder CO
 True ,3490 EASTMAN AVE Boulder CO
 True ,360 S 39TH ST Boulder CO
 True ,436 TYNAN CT Boulder CO
 True ,4701 WILLARD AVE #905 C Boulder CO
 True ,590 ORD DR Boulder CO
 True ,6978 CARTER TRL Boulder CO
 True ,7256 PAINT BRUSH TRL Boulder CO
 True ,726 MATHEWS CR Boulder CO
 True ,7835 GREENBRIAR CIR Boulder CO
 True ,841 BRIMBLE CT Boulder CO
 True ,91 AUTUMN CT Boulder CO
 True ,NICHOLAS M SUTCLIFFE REVOC TR 50 PCT Boulder CO
 True ,PO BOX 4156 Boulder CO
 True ,ROSALYNN ZABER BARRETT Boulder CO
 False ,5775 MOREHOUSE DR Boulder CO
 True ,1158 CUCHARA DR Boulder CO
 True ,1233 MCGREGOR CIR Boulder CO
 True ,1386 OAKLEAF CIR Boulder CO
 True ,1548 MEACHUM WAY Boulder CO
 True ,1850 FOLSOM 803 Boulder CO
 True ,1850 FOLSOM ST 910 Boulder CO
 True ,1850 FOLSOM ST APT 604 Boulder CO
 True ,1850 FOLSOM ST UNIT 204 Boulder CO
 True ,1850 FOLSOM ST UNIT 404 Boulder CO
 True ,1850 FOLSOM ST UNIT 702 Boulder CO
 True ,1850 FOLSOM ST UNIT 809 Boulder CO
 True ,1850 FOLSOM UNIT 804 Boulder CO
 True ,1895 ALPINE 36I Boulder CO
 True ,1895 ALPINE AVE UNIT 15D Boulder CO
 True ,1895 ALPINE AVE UNIT 37J Boulder CO
 True ,1895 ALPINE AVE UNIT 38J Boulder CO
 True ,2175 NORWOOD AVE Boulder CO
 True ,2254 SAN ANTONIO AVE 2 Boulder CO
 True ,2329 PINE ST Boulder CO
 True ,25 BAY STATE RD Boulder CO
 True ,2602 BETTS CIR Boulder CO
 True ,3156 GRACEFIELD RD APT 117 Boulder CO
 True ,3232 BILLINGTON DR Boulder CO
 True ,3735 MOORHEAD AVE Boulder CO
 True ,4265 GRAHAM CT Boulder CO
 True ,4435 MARTIN DR Boulder CO
 True ,4475 SANDPIPER CR Boulder CO
 True ,4646 IPSWICH ST Boulder CO
 True ,620 JUNIPER AVE Boulder CO
 True ,620 NORTH ST Boulder CO
 True ,630 COLLEGE AV Boulder CO
 True ,715 GILLASPIE DR Boulder CO
 True ,7963 GRASMERE DR Boulder CO
 True ,964 7TH ST Boulder CO
 True ,BENEFIT OF LEA GORSUCH Boulder CO
 True ,FAMILY TRUST Boulder CO
 True ,OF BOULDER Boulder CO
 True ,PO BOX 5225 Boulder CO
 True ,106 PINEVIEW LN Boulder CO
 True ,1414 HOFFMAN DR Boulder CO
 True ,2965 HUNT CT Boulder CO
 True ,3239 9TH ST Boulder CO
 True ,3635 HAZELWOOD CT Boulder CO
 True ,3834 ABEYTA CT Boulder CO
 True ,5308 PENNSLYVANIA AVE Boulder CO
 True ,7301 PETURSDALE CT Boulder CO
 True ,781 GRAHAM CIR Boulder CO
 True ,815 35TH ST Boulder CO
 True ,849 MELVINA HILL RD Boulder CO
 True ,998 SYCAMORE AVE Boulder CO
 True ,1084 BROADWATER POINT RD Boulder CO
 True ,1169 ST JOHN ST Boulder CO
 True ,1287 SCRUB OAK CIR Boulder CO
 True ,1374 GREENING AVE Boulder CO
 True ,1812 IRIS AV Boulder CO
 True ,1912 TYLER RD Boulder CO
 True ,2885 17TH ST Boulder CO
 True ,536 AZTEC DR Boulder CO
 True ,657 KELLY RD W Boulder CO
 True ,7123 OLD POST RD Boulder CO
 True ,1025 15TH ST Boulder CO
 True ,1503 ORCHARD AVE Boulder CO
 True ,2085 JOSLYN PL Boulder CO
 True ,3 MYERS LN Boulder CO
 True ,590 INCA PKWY Boulder CO
 True ,6675 BEAN MOUNTAIN LN Boulder CO
 True ,66 BEAVER WY Boulder CO
 True ,PAUL ZOLLER & SHEILA M ZOLLER Boulder CO
 True ,1035 PEARL ST #205 Boulder CO
 True ,1145 CLAREMONT DR Boulder CO
 True ,11 RONNIE RD Boulder CO
 True ,1659 WOODWARD ST Boulder CO
 True ,2480 FOREST AVE Boulder CO
 True ,2887 PRINCE CIR Boulder CO
 True ,33 S BOULDER CIR 309 Boulder CO
 True ,33 S BOULDER CIR APT 305 Boulder CO
 True ,33 S BOULDER CIR APT 315 Boulder CO
 True ,33 S BOULDER CIR APT A-318 Boulder CO
 True ,33 SOUTH BOULDER CIR UNIT B306 Boulder CO
 True ,33 SOUTH BOULDER CR 314A Boulder CO
 True ,4408 WELLINGTON RD Boulder CO
 True ,4615 CARTER TRL Boulder CO
 True ,4858 TANGLEWOOD CT Boulder CO
 True ,6305 BANNOCKBURN DR Boulder CO
 True ,6997 INDIAN PEAKS TRL Boulder CO
 True ,PO BOX 881818 Boulder CO
 True ,10091 E OHIO AVE Boulder CO
 True ,1015 CHERRYVALE RD Boulder CO
 True ,1110 MONROE DR UNIT B Boulder CO
 True ,1141 POLK AVE Boulder CO
 True ,1305 SUMAC Boulder CO
 True ,2015 MANHATTAN BEACH BLVD Boulder CO
 True ,3395 TALISMAN CT #B Boulder CO
 True ,36A HILLCREST RD Boulder CO
 True ,3700 B1 IRIS AVE Boulder CO
 True ,370 HOMESTEADER LN Boulder CO
 True ,3727 TALISMAN PL UNIT B Boulder CO
 True ,3835 TALISMAN PL UNIT B Boulder CO
 True ,4515 EDMONTON CT Boulder CO
 True ,4737 W MOORHEAD CIR Boulder CO
 True ,4846 OLD POST CR Boulder CO
 True ,506 SPILLER LN Boulder CO
 True ,571 CAMP EDEN RD Boulder CO
 True ,65 PAWNEE DR Boulder CO
 True ,7438 CLUBHOUSE RD Boulder CO
 True ,868 RUDI LN Boulder CO
 True ,SUZANNE I BARNARD Boulder CO
 True ,10129 FALCON ST Boulder CO
 True ,1030 N STAGECOACH LN Boulder CO
 True ,11017 BALSAM ST Boulder CO
 True ,1249 ST JOHN ST Boulder CO
 True ,1300 ORANGE RD Boulder CO
 True ,13057 WEST ILIFF DR Boulder CO
 True ,1342 N SIERRA BONITA AVE  UNIT 101 Boulder CO
 True ,1383 LEYNER DR Boulder CO
 True ,23231 SPIRES ST Boulder CO
 True ,24 AVANT GARDE CIR Boulder CO
 True ,2751 GLENARBOR DR Boulder CO
 True ,2823 ST ANNES DR Boulder CO
 True ,2880 SUNDOWN LN #102 Boulder CO
 True ,2880 SUNDOWN LN #107 Boulder CO
 True ,2892 SHADOW CREEK DR APT 103 Boulder CO
 True ,304 27TH ST Boulder CO
 True ,344 SANDERS CIR Boulder CO
 True ,3945 SAVANNAH CT Boulder CO
 True ,4399 PARK CT Boulder CO
 True ,4529 WELLINGTON RD Boulder CO
 True ,4545 CARTER TR Boulder CO
 True ,462 WEBBER CT Boulder CO
 True ,4732 SANCTUARY TRL Boulder CO
 True ,4935 TWIN LAKES RD UNIT 36 Boulder CO
 True ,4945 SUNDANCE ST Boulder CO
 True ,5107 GALLATIN PL Boulder CO
 True ,6148 S IOLA WAY Boulder CO
 True ,692 MATHEWS CIR Boulder CO
 True ,7235 W 64TH PL Boulder CO
 True ,7348 ISLAND GREEN DR Boulder CO
 True ,7354 WINDSOR DR Boulder CO
 True ,7427 SINGING HILLS DR UNIT D-204 Boulder CO
 True ,7429 SPY GLASS CT Boulder CO
 True ,7430 SINGING HILLS DR J-204 Boulder CO
 True ,7433 SPYGLASS CT Boulder CO
 True ,7437 SINGING HILLS DR Boulder CO
 True ,7440 SINGING HILLS DR Boulder CO
 True ,7441 SINGING HILLS CT Q101 Boulder CO
 True ,7443 SPYGLASS CT Boulder CO
 True ,7445 SPYGLASS CT UNIT M201 Boulder CO
 True ,7447 SPY GLASS CT M102 Boulder CO
 True ,7449 SPY GLASS CT UNIT M202 Boulder CO
 True ,7463 SPY GLASS CT Boulder CO
 True ,7468 SINGING HILLS DR UNIT H Boulder CO
 True ,7469 SPYGLASS CT Boulder CO
 True ,7477 SINGING HILLS DR UNIT F Boulder CO
 True ,7486 SINGING HILLS DR UNIT G Boulder CO
 True ,7493 SINGING HILLS DR Boulder CO
 True ,7685 BERWICK CT Boulder CO
 True ,7848 FOUR MILE CANYON DR Boulder CO
 True ,7869 S VALENTIA ST Boulder CO
 True ,887 CHERRYVALE RD Boulder CO
 True ,912 LINCOLN PL Boulder CO
 True ,928 SHUTTLEWORTH DR Boulder CO
 True ,98 ROCKTOWN LAMBERTVILLE RD Boulder CO
 True ,PO BOX 40783 Boulder CO
 True ,SAT TARA KAUR KHALSA Boulder CO
 False ,1153 VILLAGE CIR Boulder CO
 False ,1176 VILLAGE CIR Boulder CO
 False ,1188 CONWAY ST Boulder CO
 False ,18  S  31ST ST Boulder CO
 False ,2363 KEYSTONE CT Boulder CO
 False ,3615 SILVER PLUME LN Boulder CO
 False ,6682 DREW RANCH LN Boulder CO
 False ,752 15TH ST Boulder CO
 True ,1285 TOEDTLI DR Boulder CO
 True ,1404 SNOWMASS CT Boulder CO
 True ,1938 PEARL STREET Boulder CO
 True ,3701 ARAPAHOE AVE UNIT C-307 Boulder CO
 True ,4060 CARLOCK DR Boulder CO
 True ,4497 GRINNELL AVE Boulder CO
 True ,7346 AUGUSTA DR Boulder CO
 True ,LINDA M PARIS LIVING TRUST Boulder CO
 True ,PO BOX 628 Boulder CO
 True ,1085 ALBION RD Boulder CO
 True ,124 OLD POST OFFICE RD Boulder CO
 True ,165 MANHATTAN DR Boulder CO
 True ,1925 FOURMILE CANYON DR Boulder CO
 True ,215 IROQUOIS DR Boulder CO
 True ,215 OAKLAND WAY Boulder CO
 True ,2187 MEAD DR Boulder CO
 True ,2855 SHADOW CREEK DR UNIT 301 Boulder CO
 True ,3100 EASTWOOD CT Boulder CO
 True ,3971 MONTELAIR LN Boulder CO
 True ,4793 EDISON AVE Boulder CO
 True ,4865 QUALLA DR Boulder CO
 True ,5476 BLACKHAWK RD Boulder CO
 True ,5514 CRESTONE CIR Boulder CO
 True ,5533 NORTH FORK CT Boulder CO
 True ,60 MANHATTAN DR Boulder CO
 True ,6542 BARNACLE ST Boulder CO
 True ,8853 FREDERICKS CT Boulder CO
 True ,PO BOX 3895 Boulder CO
 True ,1110 DREXEL ST Boulder CO
 True ,1315 KANEMOTO LN Boulder CO
 True ,1623 ZAMIA AVE Boulder CO
 True ,2610 HEIDELBERG DR Boulder CO
 True ,3385 19TH ST Boulder CO
 True ,3700 CLOVERLEAF DR Boulder CO
 True ,4215 CORRIENTE PL Boulder CO
 True ,4220 PEACH WAY Boulder CO
 True ,4271 PEACH WAY Boulder CO
 True ,4646 BURGUNDY LN Boulder CO
 True ,4825 QUALLA Boulder CO
 True ,620 CREE CIR Boulder CO
 True ,717 EVERGREEN AVE Boulder CO
 True ,7723 ARLINGTON DR Boulder CO
 True ,7849 BROCKWAY DR Boulder CO
 True ,860 14TH ST Boulder CO
 True ,PO BOX 241 Boulder CO
 True ,PO BOX 364 Boulder CO
 True ,PO BOX 4237 Boulder CO
 True ,1359 HARRISON ST Boulder CO
 True ,1520 LEHIGH ST Boulder CO
 True ,1850 FOLSOM ST APT 705 Boulder CO
 True ,1866 GORDON DR Boulder CO
 True ,2335 JASPER CT Boulder CO
 True ,3215 15TH ST Boulder CO
 True ,3250 NEAL CIR  APT J26 Boulder CO
 True ,3250 ONEAL CIR  APT H26 Boulder CO
 True ,3972 DEHESA CT Boulder CO
 True ,451 OTT ST Boulder CO
 True ,PO BOX 662 Boulder CO
 True ,1378 GERMAN CT Boulder CO
 True ,167 HOLLIS ST Boulder CO
 True ,1708 HOLEMAN DR Boulder CO
 True ,1895 ALPINE AVE  D6 Boulder CO
 True ,2201 PEARL ST #217 Boulder CO
 True ,2218 VIOLET CT Boulder CO
 True ,2291 ARAPAHOE AV Boulder CO
 True ,28 WILD TIGER RD Boulder CO
 True ,2985 17TH ST Boulder CO
 True ,3302 BILLINGTON DR Boulder CO
 True ,3405 SPRING CREEK PL Boulder CO
 True ,3650 BERKLEY AVE Boulder CO
 True ,3910 COLORADO AVE #B Boulder CO
 True ,5001 W COUNTY ROAD 4 Boulder CO
 True ,8232 KINCROSS DR Boulder CO
 True ,979 KELLY RD W Boulder CO
 True ,CAMPUS BOX 444 Boulder CO
 True ,PO BOX 129 Boulder CO
 True ,PO BOX 3436 Boulder CO
 True ,PO BOX 4144 Boulder CO
 True ,1535 GROVE ST Boulder CO
 True ,1550 KINGWOOD PL Boulder CO
 True ,1649 WALKER ST Boulder CO
 True ,215 31ST ST Boulder CO
 True ,3795 BIRCHWOOD DR Boulder CO
 True ,3795 BIRCHWOOD DR UNIT 79 Boulder CO
 True ,417 WHEAT BERRY DR Boulder CO
 True ,4325 CARTER TRL Boulder CO
 True ,4423 PALI WAY Boulder CO
 True ,4465 WELLINGTON RD Boulder CO
 True ,4842 BRANDON CREEK DR Boulder CO
 True ,608 PEARL ST Boulder CO
 True ,806 POPE DR Boulder CO
 True ,1040 9TH ST Boulder CO
 True ,2020 SITKA CT Boulder CO
 True ,3060 MOORHEAD AV Boulder CO
 True ,3335 CHISHOLM TR D-3-3 Boulder CO
 True ,3345 CHISHOLM TR #304C Boulder CO
 True ,9231 MOLLY WOODS DR Boulder CO
 True ,11052 RAMONA ST Boulder CO
 True ,1235 ALBION WAY Boulder CO
 True ,123 NORTHRUP DR Boulder CO
 True ,1290 ALBION RD Boulder CO
 True ,1321 COLLEGE AVE Boulder CO
 True ,1344 PADFIELD PL Boulder CO
 True ,1524 NORTH ST Boulder CO
 True ,210 BROOK RD Boulder CO
 True ,220 CIMMARON WAY Boulder CO
 True ,2625 COLORADO AVE Boulder CO
 True ,2760 6TH ST Boulder CO
 True ,3601 ARAPAHOE AVE 426 Boulder CO
 True ,3795 ARMER AVE Boulder CO
 True ,4129 AMBER ST Boulder CO
 True ,4275 CORRIENTE PL Boulder CO
 True ,4432 WELLINGTON RD Boulder CO
 True ,4535 OSAGE DR Boulder CO
 True ,4590 WHITNEY PL Boulder CO
 True ,5434 LA PLATA CIR Boulder CO
 True ,563 AZTEC DR Boulder CO
 True ,7062 OLDE STAGE RD Boulder CO
 True ,7419 OLD MILL TRL Boulder CO
 True ,85 S 38TH ST Boulder CO
 True ,FKA MORELAND FAMILY LTD PARTNERSHIP Boulder CO
 True ,1633 WOODWARD ST Boulder CO
 True ,16417 SOMERSET DR Boulder CO
 True ,2135 MEADOW SWEET LN Boulder CO
 True ,225 HAWKSTEAD DR Boulder CO
 True ,2695 KOHLER DR Boulder CO
 True ,2907 SHADOW CREEK DR UNIT 104 Boulder CO
 True ,3805 FREDERICKS CT Boulder CO
 True ,403 ARAPAHOE AVE Boulder CO
 True ,4216 PIEDRA PL Boulder CO
 True ,4560 DARLEY AVE Boulder CO
 True ,5350 PINE VALLEY CT Boulder CO
 True ,5437 BLACKHAWK RD Boulder CO
 True ,6229 S IOLA WAY Boulder CO
 True ,645 EMPORIA RD Boulder CO
 True ,916 POPE DR Boulder CO
 True ,ETAL Boulder CO
 True ,PO BOX 2368 Boulder CO
 True ,1085 KALMIA AVE Boulder CO
 True ,1179 CHERRYVALE RD Boulder CO
 True ,1192 RAVENWOOD RD Boulder CO
 True ,1237 MEADOWLARK DR Boulder CO
 True ,12972 W LOUISIANA AVE Boulder CO
 True ,12 ATLANTIC ST Boulder CO
 True ,16694 HUMBOLDT ST Boulder CO
 True ,1905 IRIS AVE Boulder CO
 True ,2112 E BISCAYNE CT Boulder CO
 True ,2741 14TH ST UNIT A Boulder CO
 True ,290 MOHAWK DR Boulder CO
 True ,3060 23RD ST Boulder CO
 True ,3145 20TH ST Boulder CO
 True ,3250 ONEAL CIR 21A Boulder CO
 True ,3250 ONEAL CIR 23F Boulder CO
 True ,3250 ONEAL CIR # 26C Boulder CO
 True ,3250 ONEAL CIR # 26D Boulder CO
 True ,3250 ONEAL CIR APT C21 Boulder CO
 True ,3250 ONEAL CIR UNIT 23B Boulder CO
 True ,3250 ONEAL CIR UNIT A26 Boulder CO
 True ,3642 FOUR MILE CANYON DRIVE Boulder CO
 True ,4831 CORAL RD Boulder CO
 True ,8124 E 34TH AVE Boulder CO
 True ,PO BOX 33412 Boulder CO
 True ,PO BOX 662 Boulder CO
 True ,1000 POLO CLUB RD Boulder CO
 True ,1006 BAYOU ISLAND DR Boulder CO
 True ,1276 BEAR MOUNTAIN CT Boulder CO
 True ,1360 TOEDTLI DR Boulder CO
 True ,1487 BROWN CIR Boulder CO
 True ,1702 E LAMAR ALEXANDER PKWY Boulder CO
 True ,2595 HAWTHORN AVE Boulder CO
 True ,2800 7TH ST Boulder CO
 True ,2810 E COLLEGE AVE #102 Boulder CO
 True ,2830 E COLLEGE AVE 104 Boulder CO
 True ,2870 E COLLEGE AVE # 111 Boulder CO
 True ,36 CANYON VIEW RD Boulder CO
 True ,4774 TANGLEWOOD TRL Boulder CO
 True ,5242 SPOTTED HORSE TRL Boulder CO
 True ,5413 S FUNDY CT Boulder CO
 True ,5620 OUTBACK CT Boulder CO
 True ,616 DEWEY AVE Boulder CO
 True ,708 SYCAMORE ST Boulder CO
 True ,750 S 44TH ST Boulder CO
 True ,775 31ST ST Boulder CO
 True ,P O BOX 1383 Boulder CO
 True ,3742 ARNOLD ST Boulder CO
 True ,522 PINE ST Boulder CO
 True ,1028 RUDI LN Boulder CO
 True ,111 HILLSIDE AVE Boulder CO
 True ,1545 GROVE ST Boulder CO
 True ,1634 7TH ST Boulder CO
 True ,180 LISTER WY Boulder CO
 True ,2510 GLENWOOD DR Boulder CO
 True ,3175 17TH ST Boulder CO
 True ,4420 LARIAT WAY Boulder CO
 True ,489 HARVARD LN Boulder CO
 True ,4988 SUGARLOAF RD Boulder CO
 True ,6835 TWIN LAKES RD Boulder CO
 True ,7073 INDIAN PEAKS TR Boulder CO
 True ,7752 ESSEX PL Boulder CO
 True ,KAREN JUNE LEVINE Boulder CO
 True ,1577 BAIN DR Boulder CO
 True ,2918 10TH ST Boulder CO
 True ,321 S 8TH AVE Boulder CO
 True ,3770 IRIS AVE #A Boulder CO
 True ,4155 47TH ST UNIT A Boulder CO
 True ,4155 47TH ST UNIT D Boulder CO
 True ,7448 SINGING HILLS DR UNIT H Boulder CO
 True ,STATION MASTER HOUSE Boulder CO
 True ,1000 35TH ST Boulder CO
 True ,1177 FOURMILE CANYON DR Boulder CO
 True ,1649 YARMOUTH WAY #1 Boulder CO
 True ,2089 MEADOW SWEET LANE Boulder CO
 True ,215 IROQUOIS DR Boulder CO
 True ,265 30TH ST Boulder CO
 True ,3005 23RD ST Boulder CO
 True ,3109 EASTWOOD CT Boulder CO
 True ,3134 WESTWOOD CT Boulder CO
 True ,3734 TELLURIDE CIR Boulder CO
 True ,3950 COLORADO AVE APT A Boulder CO
 True ,4455 PEMBROKE GARDENS Boulder CO
 True ,4582 TANGLEWOOD TRL Boulder CO
 True ,5056 COVENTRY CT Boulder CO
 True ,6853 FAIRVIEW DR Boulder CO
 True ,8252 KINCROSS DR Boulder CO
 True ,873 MADISON CT Boulder CO
 True ,OF ELEANORE M LIVING TRUST Boulder CO
 True ,2505 HOMESTEAD RD Boulder CO
 True ,4855 EDISON AVE UNIT 314 Boulder CO
 True ,779 BERKSHIRE PL Boulder CO
 True ,PO BOX 226 Boulder CO
 True ,1020 OAKDALE PL Boulder CO
 True ,1905 DARTMOUTH AVE Boulder CO
 True ,2090 HILLSDALE CIR Boulder CO
 True ,2227 MAPLETON AVE Boulder CO
 True ,4345 VINCA CT Boulder CO
 True ,840 PEARL ST D Boulder CO
 True ,8871 TAHOE CT Boulder CO
 True ,970 11TH ST Boulder CO
 False ,2850 7TH ST Boulder CO
 True ,1520 WILDWOOD LN Boulder CO
 True ,1533 OLD TALE RD Boulder CO
 True ,330 PEARL ST Boulder CO
 True ,3842 LAKEBRIAR DR Boulder CO
 True ,6204 OLD BROMPTON RD Boulder CO
 True ,750 SPRUCE ST Boulder CO
 True ,895 RAINLILLY LN Boulder CO
 True ,1395 OAK CT Boulder CO
 True ,184 PONDEROSA LN Boulder CO
 True ,1865 FOREST AVE Boulder CO
 True ,191 UNIVERSITY BLVD. #844 Boulder CO
 True ,2205 GRAPE AVE Boulder CO
 True ,4235 DARLEY AVE Boulder CO
 True ,4270 PEACH WAY Boulder CO
 True ,645 S 45TH ST Boulder CO
 True ,7025 INDIAN PEAKS TRL Boulder CO
 True ,720 TOEDTLI DR Boulder CO
 True ,742 MARINE ST Boulder CO
 True ,827 ITHACA DR Boulder CO
 True ,1248 DEER TRAIL RD Boulder CO
 True ,1492 GREENBRIAR BLVD Boulder CO
 True ,1505 JUDSON DR Boulder CO
 True ,2105 DARTMOUTH AVE Boulder CO
 True ,2235 GLENWOOD DR Boulder CO
 True ,287 BROKEN FENCE RD Boulder CO
 True ,300 FOX DR Boulder CO
 True ,4236 PIEDRA PL Boulder CO
 True ,4584 MAPLE CT Boulder CO
 True ,465 LIPAN WAY Boulder CO
 True ,489 ANTLER DR Boulder CO
 True ,4925 FRANKLIN DR Boulder CO
 True ,5326 PINEHURST DR Boulder CO
 True ,831 POPE DR Boulder CO
 True ,903 VALLEY VIEW RD Boulder CO
 True ,PO BOX 163 Boulder CO
 True ,1556 EL CAMPO DR Boulder CO
 True ,1838 MARIPOSA AVE Boulder CO
 True ,2014 18TH ST Boulder CO
 True ,235 WILLOW GLEN Boulder CO
 True ,2386 VASSAR DR Boulder CO
 True ,3229 PURDUE AVE Boulder CO
 True ,324 PINE NEEDLE ROAD Boulder CO
 True ,3788 N 26TH ST Boulder CO
 True ,650 COLLEGE AVE Boulder CO
 True ,904 HAWTHORN AVE Boulder CO
 True ,921 SPRUCE ST Boulder CO
 True ,1112 STEARNS AVE Boulder CO
 True ,1274 WASHBURN AVE Boulder CO
 True ,145 CHEROKEE WAY Boulder CO
 True ,1590 ORCHARD AVE Boulder CO
 True ,1749 SOUTHARD ST Boulder CO
 True ,240 GALLAGHER CT Boulder CO
 True ,3805 MARTIN DR Boulder CO
 True ,3966 FULLER CT Boulder CO
 True ,4222 GREENBRIAR BLVD Boulder CO
 True ,4407 S HAMPTON CT Boulder CO
 True ,4729 HARWICH ST Boulder CO
 True ,500 MOHAWK DR UNIT 501 Boulder CO
 True ,5815 RUSTIC KNOLLS DR Boulder CO
 True ,10459 PARK MEADOWS DR Boulder CO
 True ,1321 GRAHAM CR Boulder CO
 True ,1383 JAMES WAY Boulder CO
 True ,1414 MOUNTAIN PINES RD Boulder CO
 True ,1415 ELDER AV Boulder CO
 True ,1630 30TH ST #252 Boulder CO
 True ,227 LAMB LN Boulder CO
 True ,2572 CODY CT Boulder CO
 True ,3775 MOORHEAD AVE Boulder CO
 True ,4617 CONCORD DR Boulder CO
 True ,4720 LUDLOW ST Boulder CO
 True ,5543 GLENDALE GULCH CR Boulder CO
 True ,686 STARKEY CT Boulder CO
 True ,7223 MARSHALL DR Boulder CO
 True ,8080 KINCROSS DR Boulder CO
 True ,8417 N FOOTHILLS HWY Boulder CO
 True ,PO BOX 19162 Boulder CO
 True ,1177 WILDWOOD RD Boulder CO
 True ,2010 18TH ST Boulder CO
 True ,375 BELLEVUE DR Boulder CO
 True ,140 MANHATTAN DR Boulder CO
 True ,1539 HIDDENBROOK DR Boulder CO
 True ,1635 QUINCE AVE Boulder CO
 True ,1860 WALNUT ST # 3 Boulder CO
 True ,1927 OAK AVE Boulder CO
 True ,2820 ILIFF ST Boulder CO
 True ,2907 SHADOW CREEK DR UNIT 104 Boulder CO
 True ,33 SPRING BLOSSOM LN Boulder CO
 True ,447 KALMIA AVE Boulder CO
 True ,5074 COTTONWOOD DR Boulder CO
 True ,8803 LAKESIDE CT Boulder CO
 True ,112 MINEOLA CT Boulder CO
 True ,1210 CLAREMONT DR Boulder CO
 True ,1405 NORWOOD AVE Boulder CO
 True ,2845 LA GRANGE CIR Boulder CO
 True ,3215 ARNETT ST Boulder CO
 True ,4140 15TH ST Boulder CO
 True ,4695 RICARA DR Boulder CO
 True ,4837 BALDWIN PL Boulder CO
 True ,4860 IDYLWILD TRL Boulder CO
 True ,55 HURON CT Boulder CO
 True ,59 BENTHAVEN PL Boulder CO
 True ,635 IRIS AVE Boulder CO
 True ,8631 E KETTLE CIR Boulder CO
 True ,FKA MORELAND FAMILY LTD PARTNERSHIP Boulder CO
 True ,P O BOX 2007 Boulder CO
 True ,2999 TINCUP CIR Boulder CO
 True ,3906 PROMONTORY CT Boulder CO
 True ,4584 S HAMPTON Boulder CO
 True ,5008 ELLSWORTH PL Boulder CO
 True ,711 WEST 1ST Boulder CO
 True ,1317 7TH ST Boulder CO
 True ,1590 HAWTHORN AVE Boulder CO
 True ,2603 TUMWATER LN Boulder CO
 True ,310 NORTON ST Boulder CO
 True ,5237 DEER CREEK CT Boulder CO
 True ,5738 NORTH ORCHARD CREEK CIR Boulder CO
 True ,702 ITHACA DR Boulder CO
 True ,104 PLAINS VIEW RD Boulder CO
 True ,1195 CLAREMONT DR Boulder CO
 True ,1227 CEDAR AVE Boulder CO
 True ,1510 ZAMIA AVE 203 Boulder CO
 True ,414 GOLD RUN RD Boulder CO
 True ,4511 SANDPIPER CT Boulder CO
 True ,4640 MACARTHUR LN Boulder CO
 True ,48 MILO ST Boulder CO
 True ,532 COLONIAL DR Boulder CO
 True ,54 SEA ST Boulder CO
 True ,5779 S ORCHARD CREEK CIR Boulder CO
 True ,6685 DREW RANCH LANE Boulder CO
 True ,7157 CEDARWOOD CIR Boulder CO
 True ,934 E VERDE LN Boulder CO
 True ,1575 GILLASPIE DR Boulder CO
 True ,2810 JUILLIARD ST Boulder CO
 True ,2890 STANFORD AVE Boulder CO
 True ,323 PEAKVIEW RD Boulder CO
 True ,3844 CLOVERLEAF DR Boulder CO
 True ,444 MILLIONAIRE DR W Boulder CO
 True ,455 ARAPAHOE AVE Boulder CO
 True ,5943 SUGARLOAF RD Boulder CO
 True ,638 PLEASANT ST Boulder CO
 True ,7282 OLD POST RD Boulder CO
 True ,81 PINEVIEW LN Boulder CO
 True ,921 ROXWOOD LN Boulder CO
 True ,936 WESTON CIRCLE Boulder CO
 True ,120 CHEROKEE WAY Boulder CO
 True ,1375 W 13TH AVE Boulder CO
 True ,1634 WALKER ST Boulder CO
 True ,21660 SW 109TH TER Boulder CO
 True ,2633 33RD ST Boulder CO
 True ,3412 RIPPLE RD Boulder CO
 True ,370 HARVEST POINT DR Boulder CO
 True ,414 GOLD RUN RD Boulder CO
 True ,415 OAKWOOD PL Boulder CO
 True ,4160 HUNT CT Boulder CO
 True ,4488 HAMILTON CT Boulder CO
 True ,4506 ABERDEEN PL Boulder CO
 True ,4537 APPLE WAY Boulder CO
 True ,470 S 38TH ST Boulder CO
 True ,4980 MEREDITH WAY UNIT 102 Boulder CO
 True ,515 S 43RD ST Boulder CO
 True ,5520 STONEWALL PL UNIT 21 Boulder CO
 True ,6839 HARVEST RD Boulder CO
 True ,6888 ROARING FORK TRL Boulder CO
 True ,80 S 36TH ST Boulder CO
 True ,875 ORMAN DR Boulder CO
 True ,950 PARKWAY DR Boulder CO
 True ,986 MCINTIRE ST Boulder CO
 True ,CMR 411 BOX 1918 Boulder CO
 True ,1000 HAWTHORN AVE Boulder CO
 True ,1243 TYLER PL Boulder CO
 True ,1492 ALPINE AVE Boulder CO
 True ,1800 BALSAM AVE Boulder CO
 True ,2130 FLORAL DR Boulder CO
 True ,255 S 41ST ST Boulder CO
 True ,2953 EAGLE WAY Boulder CO
 True ,3325 13TH ST Boulder CO
 True ,4112 FRESNO Boulder CO
 True ,4253 GRAHAM CT Boulder CO
 True ,4432 SANDPIPER CIR Boulder CO
 True ,45 S 35TH ST Boulder CO
 True ,4720 HARRISON AVE Boulder CO
 True ,5998 INDIAN RD Boulder CO
 True ,6938 CARTER TR Boulder CO
 True ,900 BASELINE RD Boulder CO
 True ,950 LARAMIE BLVD UNIT A Boulder CO
 True ,11707 ELK HEAD RANGE RD Boulder CO
 True ,1190 EDINBORO DR Boulder CO
 True ,13943  225TH PL NE Boulder CO
 True ,1421 WASHBURN ST Boulder CO
 True ,1846 MACMULLEN DR Boulder CO
 True ,2180 MEADOW SWEET LN Boulder CO
 True ,240 IROQUOIS DR Boulder CO
 True ,260 PAWNEE DR Boulder CO
 True ,2735 PINE #3 Boulder CO
 True ,2875 JUILLARD ST Boulder CO
 True ,2902 PRINCE CIR Boulder CO
 True ,2907 SHADOW CREEK DR UNIT 104 Boulder CO
 True ,3320 15TH ST Boulder CO
 True ,3544 19TH ST Boulder CO
 True ,4656 GREENBRIAR CT Boulder CO
 True ,4861 KINGS RIDGE BLVD Boulder CO
 True ,5442 BACA CIR Boulder CO
 True ,5575 HIGH COUNTRY CT Boulder CO
 True ,640 MATHEWS WY Boulder CO
 True ,695 FOSSIL BED CIR Boulder CO
 True ,755 POPE CT Boulder CO
 True ,820 37TH ST Boulder CO
 True ,880 GAPTER RD Boulder CO
 True ,940 CRESCENT DR Boulder CO
 True ,1107 MOUNTAIN PINES RD Boulder CO
 True ,1604 WAGONWHEEL GAP RD Boulder CO
 True ,2 HIGH VIEW DR Boulder CO
 True ,340 ERIE DR Boulder CO
 True ,3636 ROUNDTREE CT Boulder CO
 True ,71 ABERDEEN PL Boulder CO
 True ,788 COLUMBIA PL Boulder CO
 True ,PO BOX 164 Boulder CO
 True ,4828 6TH ST Boulder CO
 False ,1035 MIAMI WAY Boulder CO
 False ,1239 LAKESHORE DR Boulder CO
 False ,1345 W PASEO DEL COMPADRE Boulder CO
 False ,1611 GROVE ST Boulder CO
 False ,1940 GRAPE AVE Boulder CO
 False ,2075 GLENWOOD DR Boulder CO
 False ,2260 ROCK VALLEY RD Boulder CO
 False ,2666 CRESTRIDGE CT Boulder CO
 False ,2850 DOVER DR Boulder CO
 False ,2877 LOMA PL Boulder CO
 False ,305 MARTIN DR Boulder CO
 False ,3060 18TH ST Boulder CO
 False ,3102 SHELL AVE Boulder CO
 False ,3695 EMERSON AVE Boulder CO
 False ,4157 LONETREE CT Boulder CO
 False ,4460 DARLEY AVE Boulder CO
 False ,4762 FRANKLIN DR Boulder CO
 False ,4800 OSAGE DR 11A Boulder CO
 False ,4800 OSAGE DR 13B Boulder CO
 False ,4800 OSAGE DR #18 Boulder CO
 False ,4800 OSAGE DR #31C Boulder CO
 False ,4800 OSAGE DR 34C Boulder CO
 False ,4800 OSAGE DR B16 Boulder CO
 False ,4800 OSAGE DR C29 Boulder CO
 False ,4800 OSAGE DR UNIT 10A Boulder CO
 False ,4800 OSAGE DR UNIT 1 Boulder CO
 False ,4800 OSAGE DR UNIT 12B Boulder CO
 False ,4800 OSAGE DR UNIT 14 Boulder CO
 False ,4800 OSAGE DR UNIT 17B Boulder CO
 False ,4800 OSAGE DR UNIT 19-B Boulder CO
 False ,4800 OSAGE DR UNIT 20B Boulder CO
 False ,4800 OSAGE DR  UNIT 21B Boulder CO
 False ,4800 OSAGE DR UNIT 24-C Boulder CO
 False ,4800 OSAGE DR UNIT 25-C Boulder CO
 False ,4800 OSAGE DR UNIT 26 Boulder CO
 False ,4800 OSAGE DR UNIT 27C Boulder CO
 False ,4800 OSAGE DR UNIT 30 Boulder CO
 False ,4800 OSAGE DR UNIT 32C Boulder CO
 False ,4800 OSAGE DR UNIT 35C Boulder CO
 False ,4800 OSAGE DR UNIT 3A Boulder CO
 False ,4800 OSAGE DR UNIT 8A Boulder CO
 False ,4800 OSAGE DR UNIT A2 Boulder CO
 False ,4800 OSAGE DR UNIT A5 Boulder CO
 False ,4800 OSAGE DR UNIT A9 Boulder CO
 False ,48010 OSAGE DR 6A Boulder CO
 False ,4 S GRANT ST Boulder CO
 False ,500 MOHAWK DR APT 606 Boulder CO
 False ,6669 EDGEMOOR WAY Boulder CO
 False ,6979 ROARING FORK TR Boulder CO
 False ,6979 SWEET WATER CT Boulder CO
 False ,701 S TAYLOR STE 500 Boulder CO
 False ,P O BOX 7494 Boulder CO
 True ,2338 LA MESA DR Boulder CO
 True ,558 MARINE ST Boulder CO
 True ,1920 ARAPAHOE AVE Boulder CO
 True ,610 CREE CIR Boulder CO
 True ,11218 QUIVAS LOOP Boulder CO
 True ,1295 HARTFORD DR Boulder CO
 True ,1858 WILLIAMS CT Boulder CO
 True ,2885 MAYA PL Boulder CO
 True ,3595 DARLEY AVE Boulder CO
 True ,3961 BOSQUE CT Boulder CO
 True ,3987 DEHESA CT Boulder CO
 True ,402 WAGONWHEEL GAP RD Boulder CO
 True ,491 WAGONWHEEL GAP RD Boulder CO
 True ,500 MOHAWK DR UNIT 204 Boulder CO
 True ,513 AZTEC DR Boulder CO
 True ,5815 ORCHARD CREEK LN Boulder CO
 True ,599 AZTEC DR Boulder CO
 True ,7041 YAMPA CT Boulder CO
 True ,732 GRAHAM CIR Boulder CO
 True ,828 POPE DR Boulder CO
 True ,830 38TH ST Boulder CO
 True ,985 MIAMI WAY Boulder CO
 True ,MARIA TERESA REARDON VALLADAREZ Boulder CO
 True ,167 CRISMAN Boulder CO
 True ,1850 FOLSOM ST #411 Boulder CO
 True ,1895 ALPINE AVE 25-I Boulder CO
 True ,1895 ALPINE AVE APT I26 Boulder CO
 True ,1895 ALPINE AVE UNIT G22 Boulder CO
 True ,2061 VIA TAORMINA Boulder CO
 True ,285 MAPLEWOOD DR Boulder CO
 True ,2925 S ST PAUL ST Boulder CO
 True ,3535 SPRING CREEK PL Boulder CO
 True ,3745 MARTIN DR Boulder CO
 True ,3795 MARTIN DR Boulder CO
 True ,3909 PASEO DEL PRADO ST Boulder CO
 True ,4190 VALLEY FORGE Boulder CO
 True ,42 PIMA CT Boulder CO
 True ,4505 MARTIN DR Boulder CO
 True ,4626 TALBOT DRIVE Boulder CO
 True ,4643 ASHFIELD DR Boulder CO
 True ,4742 DEVONSHIRE ST Boulder CO
 True ,5121 WILLIAMS FORK TRL Boulder CO
 True ,643 E SITH AVE Boulder CO
 True ,7165 CEDARWOOD CR Boulder CO
 True ,7241 S BOULDER RD Boulder CO
 True ,P O BOX 3593 Boulder CO
 True ,25303 E KETTLE PL Boulder CO
 True ,2820 ILIFF ST Boulder CO
 True ,525 CANYON BLVD Boulder CO
 True ,1158 CUCHARA DR Boulder CO
 True ,1233 MCGREGOR CIR Boulder CO
 True ,1386 OAKLEAF CIR Boulder CO
 True ,1548 MEACHUM WAY Boulder CO
 True ,1850 FOLSOM 803 Boulder CO
 True ,1850 FOLSOM ST 910 Boulder CO
 True ,1850 FOLSOM ST APT 604 Boulder CO
 True ,1850 FOLSOM ST UNIT 204 Boulder CO
 True ,1850 FOLSOM ST UNIT 404 Boulder CO
 True ,1850 FOLSOM ST UNIT 702 Boulder CO
 True ,1850 FOLSOM ST UNIT 809 Boulder CO
 True ,1850 FOLSOM UNIT 804 Boulder CO
 True ,1895 ALPINE 36I Boulder CO
 True ,1895 ALPINE AVE UNIT 15D Boulder CO
 True ,1895 ALPINE AVE UNIT 37J Boulder CO
 True ,1895 ALPINE AVE UNIT 38J Boulder CO
 True ,2175 NORWOOD AVE Boulder CO
 True ,2254 SAN ANTONIO AVE 2 Boulder CO
 True ,2329 PINE ST Boulder CO
 True ,25 BAY STATE RD Boulder CO
 True ,2602 BETTS CIR Boulder CO
 True ,3156 GRACEFIELD RD APT 117 Boulder CO
 True ,3232 BILLINGTON DR Boulder CO
 True ,3735 MOORHEAD AVE Boulder CO
 True ,4265 GRAHAM CT Boulder CO
 True ,4435 MARTIN DR Boulder CO
 True ,4475 SANDPIPER CR Boulder CO
 True ,4646 IPSWICH ST Boulder CO
 True ,620 JUNIPER AVE Boulder CO
 True ,620 NORTH ST Boulder CO
 True ,630 COLLEGE AV Boulder CO
 True ,715 GILLASPIE DR Boulder CO
 True ,7963 GRASMERE DR Boulder CO
 True ,964 7TH ST Boulder CO
 True ,BENEFIT OF LEA GORSUCH Boulder CO
 True ,FAMILY TRUST Boulder CO
 True ,OF BOULDER Boulder CO
 True ,PO BOX 5225 Boulder CO
 True ,1860 BLUEBELL AVE Boulder CO
 True ,1985 KOHLER DR Boulder CO
 True ,2875 7TH ST Boulder CO
 True ,3685 CAYMAN PL Boulder CO
 True ,4737 MCKINLEY DR Boulder CO
 True ,10751 N MERIDIAN RD Boulder CO
 True ,1314 MATHEWS WAY Boulder CO
 True ,150 S 31ST ST Boulder CO
 True ,190 YELLOWFIELD WY Boulder CO
 True ,1938 PEARL ST Boulder CO
 True ,210 MOHAWK DR Boulder CO
 True ,228 E STREET NE Boulder CO
 True ,3178 29TH ST Boulder CO
 True ,37 WILLOWLEAF DR Boulder CO
 True ,4896 COUNTRY CLUB WAY Boulder CO
 True ,4906 CLUBHOUSE CT Boulder CO
 True ,4914 CARTER CT Boulder CO
 True ,539 COUNTRY LN Boulder CO
 True ,600 MANHATTAN DR #7C Boulder CO
 True ,600 MANHATTAN DR 8C Boulder CO
 True ,600 MANHATTAN DR # 8D Boulder CO
 True ,645 S 46TH ST Boulder CO
 True ,6521 OLDE STAGE RD Boulder CO
 True ,7269 PETURSDALE CT Boulder CO
 True ,736 E 4TH AVE Boulder CO
 True ,P O BOX 17535 Boulder CO
 True ,1430 OAKLEAF CIRCLE Boulder CO
 True ,1655 OAK AV Boulder CO
 True ,33 W BOULDER Boulder CO
 True ,4500 BASELINE RD UNIT 4202 Boulder CO
 True ,532 UNIVERSITY AV Boulder CO
 True ,620 POPLAR AVE Boulder CO
 True ,36 S PARKGATE CIR Boulder CO
 True ,MACSALKA TRUST 50 PER EACH Boulder CO
 True ,1029 MOUNTAIN PINES RD Boulder CO
 True ,1320 YELLOW PINE AV Boulder CO
 True ,2949 SUGARLOAF RD Boulder CO
 True ,3990 CHIPPEWA DR Boulder CO
 True ,4867 VALHALLA DR Boulder CO
 True ,770 WALNUT UNIT D Boulder CO
 True ,PO BOX 101847 Boulder CO
 True ,REVOCABLE TRUST Boulder CO
 True ,1365 BROWN CIR Boulder CO
 True ,1575 BLUE SAGE CT Boulder CO
 True ,175 SEMINOLE DR Boulder CO
 True ,3080 PENNSYLVANIA AVE Boulder CO
 True ,436 GRAHAM CIR Boulder CO
 True ,4738 EDISON LN Boulder CO
 True ,5400 CYPRESS DR Boulder CO
 True ,7091 INDIAN PEAKS TRL Boulder CO
 True ,8796 STREAMCREST DR Boulder CO
 True ,1615 4TH ST Boulder CO
 False ,1155 CANYON BLVD UNIT 306 Boulder CO
 False ,729 WALNUT ST #C Boulder CO
 True ,810 YELLOW PINE AVE Boulder CO
 True ,1135 PENNSYLVANIA AVE UNIT 9 Boulder CO
 True ,1140 KELLY RD W Boulder CO
 True ,1205 ITHACA DR Boulder CO
 True ,124 MINEOLA CT Boulder CO
 True ,1366 WASHBURN ST Boulder CO
 True ,1381 WASHBURN ST Boulder CO
 True ,250 MOHAWK DR Boulder CO
 True ,2586 CRESTRIDGE CT Boulder CO
 True ,2790 DARTMOUTH AVE Boulder CO
 True ,2890 DARLEY AVE Boulder CO
 True ,3145 20TH ST Boulder CO
 True ,3620 ASPEN CT Boulder CO
 True ,4625 GORDON DR Boulder CO
 True ,7831 SCENIC DR Boulder CO
 True ,2505 CRAGMOOR RD Boulder CO
 True ,5684 AURORA PL Boulder CO
 True ,1010 EUCLID AVE Boulder CO
 True ,1236 NONAHAM LN Boulder CO
 True ,14 SHEDD RD Boulder CO
 True ,1561 48TH ST Boulder CO
 True ,220 SEMINOLE DR Boulder CO
 True ,3666 CHASE CT Boulder CO
 True ,4846 EDISON AVE Boulder CO
 True ,5003 COVENTRY CT Boulder CO
 True ,541 CLOVER LN Boulder CO
 True ,57 MINEOLA CT Boulder CO
 True ,582 MOUNTAIN MEADOWS RD Boulder CO
 True ,6981 GREEN WILLOW CT Boulder CO
 True ,834 DEWEY AVE Boulder CO
 True ,8484 STONERIDGE TER Boulder CO
 True ,LIMITED PARTNERSHIP Boulder CO
 True ,PO BOX 4769 Boulder CO
 True ,SAHOO SANGHAMITRA Boulder CO
 True ,1296 MCGREGOR CR Boulder CO
 True ,1330 RIVERSIDE AVE Boulder CO
 True ,1360 WALNUT 309 Boulder CO
 True ,1519 48TH ST Boulder CO
 True ,1560 LEHIGH ST Boulder CO
 True ,16 CANYON VIEW RD Boulder CO
 True ,1771 SOUTHARD ST Boulder CO
 True ,2160 MEADOW AVE Boulder CO
 True ,2335 23RD ST Boulder CO
 True ,2482 LEE HILL DR Boulder CO
 True ,2955 STANFORD AVE Boulder CO
 True ,3973 BOSQUE CT Boulder CO
 True ,4309 BUTLER CIR Boulder CO
 True ,4859 KINGS RIDGE BLVD Boulder CO
 True ,5565 GLENDALE GULCH CIR Boulder CO
 True ,6513 RED HILL RD Boulder CO
 True ,6850 FRYING PAN RD Boulder CO
 True ,790 ROCK LAKE RD Boulder CO
 True ,849 POPE DR Boulder CO
 True ,1177 S DAVENPORT CT Boulder CO
 True ,1210 GILLESPIE DR Boulder CO
 True ,1327 GRAHAM CIR Boulder CO
 True ,1341 MATHEWS WAY Boulder CO
 True ,1420 MOSS ROCK PL Boulder CO
 True ,1434 LOMBARDI ST Boulder CO
 True ,1468 CHERRYVALE RD Boulder CO
 True ,1568 BRIMBLE DR Boulder CO
 True ,1666 DEER TRAIL RD Boulder CO
 True ,20 SOUTH BOULDER CIR Boulder CO
 True ,2895 DOVER DR Boulder CO
 True ,3257 CUMMINGS DR Boulder CO
 True ,3888 BEASLEY DR Boulder CO
 True ,4781 TANTRA DR UNIT F9 Boulder CO
 True ,500 MANHATTAN DR A-3 Boulder CO
 True ,5048 COVENTRY CT Boulder CO
 True ,505 UNIVERSITY AVE Boulder CO
 True ,7952 SW 146 AVE Boulder CO
 True ,WENDY LYNN INGRAM Boulder CO
 True ,1031 IVES DAIRY RD UNIT 133 Boulder CO
 True ,1035 PEARL ST STE 205 Boulder CO
 True ,1485 CLAY ST #5 Boulder CO
 True ,1966 HARDSCRABBLE PL Boulder CO
 True ,2012 JOSLYN PL Boulder CO
 True ,2145 FLORAL DR Boulder CO
 True ,2704 25TH ST Boulder CO
 True ,2910 19TH ST Boulder CO
 True ,3073 EDISON CT Boulder CO
 True ,3145 24TH ST Boulder CO
 True ,3147 BELL DR Boulder CO
 True ,33 SOUTH BOULDER CIR UNIT 322 Boulder CO
 True ,4672 17TH ST Boulder CO
 True ,522 PINE ST Boulder CO
 True ,67 MINEOLA CT Boulder CO
 True ,750 S 43RD ST. Boulder CO
 True ,1021 GAPTER RD Boulder CO
 True ,10317 DONLEY DR Boulder CO
 True ,11225 W 187TH ST Boulder CO
 True ,15507 NW ENERGIA ST Boulder CO
 True ,1709 WATERGLEN LN Boulder CO
 True ,17 FOSTER RD Boulder CO
 True ,1821 QUINCE AVE Boulder CO
 True ,212 DURHAM CT Boulder CO
 True ,2707 VALMONT RD 214A Boulder CO
 True ,2707 VALMONT RD APT 206C Boulder CO
 True ,2707 VALMONT RD UNIT 312B Boulder CO
 True ,2707 VALMONT UNIT B308 Boulder CO
 True ,2919 SKIMMERHORN ST Boulder CO
 True ,3112 GATLIN ST Boulder CO
 True ,3120 BROADWAY Boulder CO
 True ,3221 GEER CANYON DR Boulder CO
 True ,3870 FOLSOM ST Boulder CO
 True ,4480 DRIFTWOOD PL Boulder CO
 True ,4887 WHITE ROCK CIR UNIT H Boulder CO
 True ,6161 BASELINE RD Boulder CO
 True ,6274 RED HILL RD Boulder CO
 True ,6325 ROCKWELL RD Boulder CO
 True ,64 CORNERSTONE DR. Boulder CO
 True ,7672 CONCORD DR Boulder CO
 True ,900 LEFTHAND CANYON DR Boulder CO
 True ,CAMERON Boulder CO
 True ,PO BOX 11077 Boulder CO
 True ,PO BOX 17186 Boulder CO
 True ,PO BOX 293 Boulder CO
 True ,PO BOX 4325 Boulder CO
 True ,PO BOX 457 Boulder CO
 True ,PO BOX 4948 Boulder CO
 True ,PO BOX 695 Boulder CO
 True ,1300 BEAR MOUNTAIN CT Boulder CO
 True ,1547 NORTH ST Boulder CO
 True ,2059 MAUNA PL Boulder CO
 True ,2590 YARROW CT Boulder CO
 True ,2669 JUNIPER AVE Boulder CO
 True ,2830 TABLE MESA DR Boulder CO
 True ,3395 25TH ST Boulder CO
 True ,3437 IRIS CT Boulder CO
 True ,3569 IVEY CIR Boulder CO
 True ,3850 N BROADWAY UNIT 20 Boulder CO
 True ,3878 BROADWAY UNIT 2 Boulder CO
 True ,4526 APPLE WAY Boulder CO
 True ,JOANNE LANDHOLM LEWIS 25 PCT Boulder CO
 True ,PO BOX 430 Boulder CO
 True ,1497 BROWN CIR Boulder CO
 True ,2355 JASPER CT Boulder CO
 True ,2690 EMERSON AVE Boulder CO
 True ,2755 DARTMOUTH AVE Boulder CO
 True ,300 FOX DR Boulder CO
 True ,4453 PALI WAY Boulder CO
 True ,4455 CHIPPEWA DR Boulder CO
 True ,4485 LUDLOW ST Boulder CO
 True ,4690 MACARTHUR LN Boulder CO
 True ,5331 BLUEBONNET DR Boulder CO
 True ,600 ARAPAHOE AVE 3 Boulder CO
 True ,600 ARAPAHOE AVE 4 Boulder CO
 True ,6654 DREW RANCH LN Boulder CO
 True ,755 HARTFORD DR Boulder CO
 True ,121 ANTLER DR Boulder CO
 True ,1222 OAKLEAF CIR Boulder CO
 True ,1245 TOEDTLI DR Boulder CO
 True ,1504 LODGE CT Boulder CO
 True ,1753 HAWTHORNE PL Boulder CO
 True ,2220 16TH ST Boulder CO
 True ,2360 BALSAM DR Boulder CO
 True ,2425 CANYON BLVD STE 110 Boulder CO
 True ,2519 BRIARWOOD DR Boulder CO
 True ,265 SPRUCE ST Boulder CO
 True ,2750 ILIFF ST Boulder CO
 True ,2811 PINE AVE Boulder CO
 True ,285 DEVON PL Boulder CO
 True ,3111 WASHINGTON ST Boulder CO
 True ,3120 22ND ST Boulder CO
 True ,3400 LONGWOOD AVE Boulder CO
 True ,3468 SUNSHINE CANYON DR Boulder CO
 True ,348 SOUTH 68TH ST Boulder CO
 True ,34 N. HIGH ST Boulder CO
 True ,3855 APACHE CT W Boulder CO
 True ,3895 SPRING VALLEY RD Boulder CO
 True ,3900 WATSON PL NW BLDG B APT 6H Boulder CO
 True ,400 SUMMIT BLVD UNIT 1410 Boulder CO
 True ,4209 26TH ST Boulder CO
 True ,4283 PEACH WAY Boulder CO
 True ,443 JUNIPER AVE Boulder CO
 True ,4475 51ST ST Boulder CO
 True ,450 ORD DR Boulder CO
 True ,4902 CLUBHOUSE CT Boulder CO
 True ,5089 FLAGSTAFF RD Boulder CO
 True ,5522 PIONEER RD Boulder CO
 True ,5688 COLLEGE PL Boulder CO
